id,title,code,withdrawal_date
00168679-2f35-4e6d-94d6-9b63bbefe685,"General highway map, Arenac County, Michigan",06d-01,2026-10-01
004b39fa-4ce4-4994-b8ad-6473dd3d472a,Map of the United States,03d-01,2026-10-01
00cafccc-f8d8-4237-83cc-7fd20b0fd218,Map of Iowa,03d-01,2026-10-01
00f2ff16-55c9-4389-9451-cdf0c8c88d22,Topographical map of Decatur County Iowa,03d-01,2026-10-01
0130d709-6c30-43cb-89cd-af81d1ba23a4,Fillmore (formerly Hempstead),03d-01,2026-10-01
014686a6-970b-49c9-b71a-e04e71592a02,"Road map of Berrien County, Michigan",06d-01,2026-10-01
01d-01,Indiana Historic Maps,01d-01,2026-10-01
01d-03,Russian Military Topographic Map Collection,01d-03,2026-10-01
01deb5a0-ebd4-4e2c-a7c7-3a363dc89957,"Topographical Map of Johnson County, Iowa",03d-01,2026-10-01
0200d810-fc1e-4f15-ab4a-f1c3c52ac94f,River Side Stock Farm,03d-01,2026-10-01
02214067-9b04-4139-a614-3511c4b10576,"Atlas of Warren County, Iowa, 1902-1903",03d-01,2026-10-01
0261d487-fd04-472d-a322-92c161eaebc9,"Standard Atlas of Clayton County, Iowa, 1902",03d-01,2026-10-01
02701c24-60aa-4cf9-ab56-cf34f266191e,"Atlas of Greene County, Iowa, 1921",03d-01,2026-10-01
031398fc-8029-4473-a202-6c43a26c7602,San Francisco and vicinity [back],06d-01,2026-10-01
03d-01-01,Iowa Historical County Atlases,03d-01,2026-10-01
03d-01-02,Index Map of Hixson Plat Map Atlases of Iowa,03d-01,2026-10-01
03d-01-03,Index Map of General Land Office Survey Maps: Iowa,03d-01,2026-10-01
03d-01-04,Iowa Aerial Photo Indices,03d-01,2026-10-01
03d-01-05,Iowa Historic Sheet Maps,03d-01,2026-10-01
03d-01-06,Iowa in the Great Depression,03d-01,2026-10-01
03d-01-07,University of Iowa Campus Maps,03d-01,2026-10-01
03d16909-629e-4e5c-a692-20bc2bf7edff,Map of Washington Township,03d-01,2026-10-01
04242f53-7211-40a0-a9a9-439b964a2b30,Topographical map of Butler County Iowa,03d-01,2026-10-01
04305f4c-5a51-46c2-8633-755126c7da59,"Plat Book of Wayne County, Iowa, 1897",03d-01,2026-10-01
04987f3d-5984-4f5a-ad4f-f68abdb2b9ed,Ringsted,03d-01,2026-10-01
049a8761-afe2-4efc-a307-9242fa2a680f,"Atlas of Johnson County, Iowa, 1900",03d-01,2026-10-01
04bee688-34fb-4883-9eda-44d8536c13a0,"Road map of Delta County, Michigan",06d-01,2026-10-01
04d5d4c4-1fcd-44d2-acd1-559ccc52a5c5,Plat of Concord Township,03d-01,2026-10-01
04d7ffd3-08ba-46c2-8907-6a7c2f25b652,East Lawn; Halfa; Raleigh; Roy J. Ridley's subdivision,03d-01,2026-10-01
04f77f7a-c070-4dd6-a9f8-e2daeffda161,"Standard Atlas of Iowa County, Iowa, 1917",03d-01,2026-10-01
05255f59-fd09-4195-add3-d2c62d9eb4a4,Plat of Pleasant Valley Township,03d-01,2026-10-01
0593aedb-227a-4ed4-9908-c147eae838dc,"Standard atlas of Webster County, Iowa, 1909",03d-01,2026-10-01
05a-03,General Land Office Township Plats: Minnesota,05a-03,2026-10-01
05d-05,Minnesota Geological Survey,05d-05,2026-10-01
05d-09,"Minnesota Historical Aerial Photographs Online (MHAPO), 1920-2000",05d-09,2026-10-01
05d-10,National Historical Geographic Information System (NHGIS),05d-10,2026-10-01
05d-11,Minnesota Natural Resource Atlas,05d-11,2026-10-01
05e3ab03-a7ee-464c-83fe-c929d3f0e221,Plat of Owen Township,03d-01,2026-10-01
065ff32a-de9b-4382-99f6-9937e92b40e0,"Plat Book of Davis County, Iowa, 1891",03d-01,2026-10-01
067f969c-139a-4a86-a931-ac117aac9fd4,Plat of Jefferson Township,03d-01,2026-10-01
06c38346-d275-4ca1-98c5-1431a415f497,"Huebinger's map and guide for Waubonsie Trail: Iowa and Nebraska division of the Waubonsie system, 1912",03d-01,2026-10-01
06d7c0d0-5ef9-4630-9c00-93ecc2d6fc9a,"Atlas of Story County, Iowa, 1902",03d-01,2026-10-01
06d7df51-70ca-4a74-aebd-792c41bc2eec,"Standard Atlas of Clayton County, Iowa, 1902",03d-01,2026-10-01
06dfd37f-1db7-40c3-9f97-090871417228,"Standard Atlas of Calhoun County, Iowa, 1911",03d-01,2026-10-01
06e7f566-852a-4914-929d-1bef38132eba,Физическая Карта Африки [Physical Map of Africa],06d-01,2026-10-01
086f7b28-0df4-4d2a-9c6e-5f327f9490b5,Topographical map of Henry County Iowa,03d-01,2026-10-01
08cf141f-7c4c-45cf-957f-811eaefc6418,"Standard Historical Atlas of Sioux County, Iowa, 1908",03d-01,2026-10-01
090d72f9-6161-48b4-96d2-0b35503eae4a,"Plat book of Fremont County, Iowa",03d-01,2026-10-01
091a0308-0253-4073-a9e7-6e8e8dc126b0,"Plat Book of Chickasaw County, Iowa, 1895",03d-01,2026-10-01
092c9b58-60d3-4c90-8330-b5c58abfb1f9,"General highway map, Iosco County, 1964",06d-01,2026-10-01
09797e5a-aa2f-46c0-9576-b678abd9d301,System of United States government land surveys,03d-01,2026-10-01
0a002c83-1093-498a-81fd-dbae1a11c62f,Map of the black lead mines &c. in Cumberland: [England].,06d-01,2026-10-01
0b1a172c-3ef1-4276-98fe-08ed2fc87ab9,Plat of Peru Township,03d-01,2026-10-01
0b422318-287c-4617-a4b5-6c3cd8fcecf6,"Colfax, Iowa",03d-01,2026-10-01
0b59247e-44fd-416d-a832-7639a32fcd9d,Map of Sioux Township,03d-01,2026-10-01
0bb0b1d3-4621-4307-8f47-1fc6a4aeb224,Map of Lyons Township,03d-01,2026-10-01
0c8300da-0a86-412b-84f5-8ed09eab2d61,"Atlas of Story County, Iowa, 1919",03d-01,2026-10-01
0cca4d11-f2d9-4435-837c-7f927e2f93bd,"State Capitol of Iowa, Des Moines",03d-01,2026-10-01
0d464329-106d-4abc-9ee2-57f9dea3aeaa,Part of the city of Ottumwa and environs Section 18,03d-01,2026-10-01
0d564a49-39bb-4731-a8e4-1122f476d415,Center Township,03d-01,2026-10-01
0d7fdf25-3fe2-454e-8706-7d3ed62ff898,"North part of Estherville, county seat of Emmet Co., Iowa",03d-01,2026-10-01
0d9d1578-3421-4d8e-bc9c-0a88cc318be8,Plat book of Delaware County,03d-01,2026-10-01
0ebe20e3-3456-48af-ad06-b8c00f9a356f,"Plat book of Hamilton County, Iowa",03d-01,2026-10-01
0f10eb0a-385d-498a-ae43-d0b8d24e44c8,"Drainage Atlas of Palo Alto County, Iowa, 1919",03d-01,2026-10-01
0f121b2c-e2fa-426a-a150-612da8ac4f39,"Map of the city of Washington showing location of fatal cases of consumption for the year ended June 30, 1901.",06d-01,2026-10-01
0fc510e2-0820-410e-ba5d-70dfb03ba37f,Topographical map of Iowa,03d-01,2026-10-01
0fcaf870-a519-4c29-b9f9-99895db89b66,"Standard historical atlas of Mills and Fremont Counties, Iowa, 1910",03d-01,2026-10-01
0fcbe4b1-27eb-4cbf-bcab-9024a0d303ed,"Standard Atlas of Clay County, Iowa, 1909",03d-01,2026-10-01
0fecfea1-a3af-412a-87e2-a1f81c3f3119,"Plat book of Cedar County, Iowa",03d-01,2026-10-01
101f37b4-d645-4aad-af8c-cd016d764748,"Parsons Band Cutter & Self Feeder Co. of Newton, Iowa",03d-01,2026-10-01
104a3147-97c5-4be5-a91f-55e1e89df8e5,"Standard Atlas of Jefferson County, Iowa, 1909",03d-01,2026-10-01
107317b1-cd07-468b-b602-8c366079fdc2,Map of Lake Township,03d-01,2026-10-01
10c9c981-b9dc-4664-9b85-bc142e2cb75c,Topographical map of Page County Iowa,03d-01,2026-10-01
110af638-ab13-4c66-89e6-01b1cbb69485,Map of Grant Township,03d-01,2026-10-01
115b6f9a-4281-443d-8cc4-348f1a12c0b9,Topographical map of Boone County Iowa,03d-01,2026-10-01
12206ff8-73e1-41ec-9760-d651b1ec3b28,Plat of White Water Township,03d-01,2026-10-01
124a17cc-1294-43ea-afa1-c4f59e9aaed1,Lincoln Township,03d-01,2026-10-01
128dbbe2-c89d-4fa1-8d8c-71a714d2a865,"Atlas of Sioux County, Iowa, 1913",03d-01,2026-10-01
12d-02,Early Modern Maps of the Americas,12d-02,2026-10-01
13020-hg6n-8f95,"Supplementary data for ""Trajectories of long duration balloons launched from McMurdo Station in Antarctica""",05d-03,2026-10-01
132fd790-ff0b-4771-938a-f16b72325216,"Plat book of Black Hawk County, Iowa",03d-01,2026-10-01
13612623-2113-48a4-8ffe-513720fd093c,Map showing the principal meridians and base lines in the United States,03d-01,2026-10-01
13746f14-44ff-44ea-8591-c524518797af,"Plat book of Harrison County, Iowa",03d-01,2026-10-01
14312b3b-89ad-4cba-aec0-39ec0b9a4cd1,Covert Township,06d-01,2026-10-01
145ecf04-d66e-4514-abf7-78660438c97c,"Atlas of Audubon County, 1930",03d-01,2026-10-01
14817e8e-6525-4c8a-bb6d-25d96e5203fd,"Plat book of Emmet County, Iowa",03d-01,2026-10-01
14afd63f-f5ec-45df-90a6-967d955c6c19,"Outline map of Cerro Gordo County, Iowa",03d-01,2026-10-01
1540dd20-4186-4dcb-b80c-3d65764a7c87,Map of Spring Valley Township,03d-01,2026-10-01
157328b1-202a-43b1-9c73-4906d75d4519,"Plat book of Hardin County, Iowa, 1892",03d-01,2026-10-01
157bd26a-61ff-49f4-89bc-7c400a79a98c,Hartford Township,06d-01,2026-10-01
15916d27-f4f6-4a82-976b-646a8003fa49,"Atlas of Pottawattamie County, Iowa, 1919",03d-01,2026-10-01
159b5f88-db9b-4513-be6e-e0c01a8ede5f,Jack Creek Township,03d-01,2026-10-01
159efd2a-1d6f-4fa8-b341-28c5fa098c7e,Iowa,03d-01,2026-10-01
15caadc1-75c4-4432-b25b-3387db4daab2,Topographical map of Buena Vista County Iowa,03d-01,2026-10-01
1614f33b-711e-4e2d-9514-9a841c3cfb78,"Plat book of Sioux County, Iowa",03d-01,2026-10-01
166dcd49-d259-41c7-ac53-7b0665d72569,Topographical map of Grundy County Iowa,03d-01,2026-10-01
168a774a-1e62-467f-9268-08961128e8b5,"Plat book of Worth County, Iowa, 1937",03d-01,2026-10-01
1753c1a3-9904-49a3-92d4-47b53f12d2b5,Topographical map of Ida County Iowa,03d-01,2026-10-01
17b80d14-1bb9-4c1a-a887-081f46f74135,"Atlas of Poweshiek County, Iowa, 1896",03d-01,2026-10-01
183e057e-beec-4eb5-8909-451ad0541e66,"Standard atlas of Monroe County Iowa, 1919",03d-01,2026-10-01
185edf15-38d9-4b8b-9d2b-3c0522660d46,Map of Rawles Township,03d-01,2026-10-01
197938c4-9f57-40da-a35f-576f58abc35b,"North part of Mason, Vevay Twp",06d-01,2026-10-01
19cd88cc-733e-4b3d-8e2c-b6de864f6bbf,"Atlas and Plat Book of Ringgold County, Iowa, 1915",03d-01,2026-10-01
1a0f0118-f8ec-42d9-bc9e-ef8d7130806c,Topographical map of Appanoose County Iowa,03d-01,2026-10-01
1a7a1942-e0ee-44db-9a65-e9c3ee5fca77,Topographical map of Clinton County Iowa,03d-01,2026-10-01
1a841c2a-332f-4264-a478-d0da09b8fd29,"Plat book of Sac County, Iowa",03d-01,2026-10-01
1ad70f4e-950d-499a-a224-bb51c68f123f,"Michigan, Region about Mackinac and Detroit [Plate CXXXIX]",06d-01,2026-10-01
1af667e8-3690-4c09-bc5c-90676f6992d9,"Plat book of Tama County, Iowa",03d-01,2026-10-01
1b06c61d-86d3-4196-85e2-07f0cfbf5716,Map of Cedar Township,03d-01,2026-10-01
1b115b92-783a-450a-acda-723768cfb58e,"Carte réduite des côtes orientales de l'Amérique septentrionale: contenant partie du Nouveau Jersey, la Pen-sylvanie, le Mary-land, la Virginie, la Caroline septentrionale, la Caroline méridionale et la Georgie: assujettie aux observations les plus récentes et aux cartes de détail les plus estimées; dressée au Dépôt géneŕal des cartes, plans et journaux de la Marine, pour le service des Vaisseux Français; par ordre de M. de Sartine, conseiller dʹEtat, ministre et secretaire d'Etat, ayant le Départment de la Marine; gravé par Petit.",07d-01,2026-10-01
1b2bdb70-12ec-4e4f-91dd-2a5d41606f8e,Topographical map of Sioux County Iowa,03d-01,2026-10-01
1b5402b0-9b87-4e2f-8072-2ec32f22fd83,"South part of Mason, Vevay Twp",06d-01,2026-10-01
1bdee955-67e1-4be0-8786-027b9249c1f9,"Road map of Clinton County, Michigan",06d-01,2026-10-01
1c3b3ebd-d833-4907-bc88-5980b194e47a,"Huebinger's map and guide for Panora Speedway, 1912",03d-01,2026-10-01
1c687da5-6976-4c10-9cd2-6852f96598e1,"Atlas of Clarke County, Iowa, 1902",03d-01,2026-10-01
1cb57bd8-83b4-40dc-bf29-7018c965873b,Topographical map of Mitchell County Iowa,03d-01,2026-10-01
1cb7960e-071b-4485-8912-3a9705f5c712,"Plat book of Buchanan County, Iowa",03d-01,2026-10-01
1d02ff92-3d3a-41ed-89dd-473d7ef8c22f,Pine Grove Township,06d-01,2026-10-01
1d3e5501-9272-4be8-aa02-4ad031dac274,Topographical map of Benton County Iowa,03d-01,2026-10-01
1d755f48-c655-48bf-86da-164f2a54e648,"Plat Book of Bremer County, Iowa, 1894",03d-01,2026-10-01
1d9332f2-9e5b-47c6-bf53-2607e3bbb0b3,"Map of the city of Detroit, Michigan / drawn and published by William Sauer.",06d-01,2026-10-01
1e3e233f-dfae-4e14-ae03-cf246b7a7c54,"Plat Book of Fayette County, Iowa, 1879",03d-01,2026-10-01
1e84a33d-9366-4d10-b39a-659b1edcbafe,"Plat Book of Decatur County, Iowa, 1894",03d-01,2026-10-01
1ea079e6-239d-496d-a4d7-347f5827d6ee,Part of the city of Ottumwa and environs Section 30,03d-01,2026-10-01
1ebc0d50-c660-4185-9158-f92414ee13b7,Map of Hardin Township,03d-01,2026-10-01
1ebc9851-4501-4929-a5f0-10a377376de7,"Standard atlas of Wapello County, Iowa, 1922",03d-01,2026-10-01
1efd671d-0706-4e2e-b017-ca51527bb717,Map of Competine Township,03d-01,2026-10-01
205b4958-921f-4736-9dde-4e04907f2e18,Waterville; Ion; Volney; Plat of Waukon Junction,03d-01,2026-10-01
2080d09c-3760-4994-ab0d-a67a4635b615,Map of Lincoln Township,03d-01,2026-10-01
210e3701-ef3a-40ec-8e93-4dd2e83897d4,Partie de l'Amérique Septent? qui comprend la Nouvelle France ou le Canada.,06d-01,2026-10-01
213518e8-f95d-4b3f-b63f-3f7ca8e9471a,Map of Monroe Township,03d-01,2026-10-01
21649407-3746-4683-aa59-ecbf24148a6d,Topographical map of Mahaska County Iowa,03d-01,2026-10-01
21b26531-64f4-4e46-8a2d-479b8dd5ddeb,"Plat book of Marion County, Iowa",03d-01,2026-10-01
21f4dbec-8360-4d66-b5ca-0eacc4aaf909,"Sidney, county seat of Fremont County, Iowa",03d-01,2026-10-01
22328d6f-5f7a-4410-9fd9-0c7d2bfb2873,Iowa Lake Township,03d-01,2026-10-01
22c21034-b3da-40a5-a484-64362e4b24f1,Map of the world on Mercator's projection,03d-01,2026-10-01
23d3f8f9-43c0-48a7-9de1-6d349e640693,"General highway map, Huron County",06d-01,2026-10-01
2406d99b-3273-4c32-9a31-7fc193d58ef0,"Standard Atlas of Union County, Iowa, 1916",03d-01,2026-10-01
240c3ba4-403b-4647-a452-907ebe55ba6c,Map of Walnut Township,03d-01,2026-10-01
2415350c-2fdf-4d66-8d15-06778f9ee683,Map of Fairview Township,03d-01,2026-10-01
244f2148-8c33-41b2-9a12-c90f1c522c24,Plat of Lime Creek Township,03d-01,2026-10-01
24736a6d-82ed-4b74-a8d6-e00134454556,Plat of Bath,03d-01,2026-10-01
248105da-e02a-4ecb-932e-1796f36b7c38,"Plat book of Dallas County, Iowa",03d-01,2026-10-01
252737ee-1346-4b01-9218-4efa035a1e77,Outline Map of Van Buren County,06d-01,2026-10-01
25338653-aaf4-49f5-b1d3-a38a452296e2,"Plat book of Mahaska County, Iowa",03d-01,2026-10-01
2572b511-63e3-439b-b90c-034ee2d93732,"Atlas of Washington County, Iowa, 1874",03d-01,2026-10-01
25ea3954-7741-4c93-a9d9-60319d9586c7,Part of the city of Ottumwa and environs Section 23,03d-01,2026-10-01
26425e15-bea1-4357-8b59-101a639d836d,Topographical map of Jackson County Iowa,03d-01,2026-10-01
265e2acf-107e-470b-bdcf-4ef084413b2b,Large map of Iowa City,03d-01,2026-10-01
26dc17c6-d1fc-4a96-b27b-c6291f9866c3,Map of Anderson Township; Henderson; Mineola,03d-01,2026-10-01
277fc9d3-822f-4a93-bb92-25c86c33a351,Map of Riverton Township,03d-01,2026-10-01
27bd2554-4a1e-4bc0-a285-d0f94403d253,"Atlas of Clinton County, Iowa, 1925",03d-01,2026-10-01
27f033de-9fb9-47db-91af-b1ac15decbdc,Newton Iowa; Summer resorts,03d-01,2026-10-01
28224306-c2f8-43d1-8f75-4792b0708e2a,Map of Oxford Township,03d-01,2026-10-01
28807fc0-0296-40aa-ac37-79bb2d25d1cc,Oasis; Morse,03d-01,2026-10-01
28efa07b-aec6-460a-bbe5-50f932f3e048,Dubuque,03d-01,2026-10-01
2929d77d-bccf-423a-a5d3-cbb454724d4a,"Region along the Rivers Dnipro and Donets, showing Old Limits between the Russian and Turkish Empires",06d-01,2026-10-01
293faca7-a4ec-4cc4-b04a-f7f68b43231f,"Plat book of Clarke County, Iowa",03d-01,2026-10-01
2961e106-6d50-48fa-9834-3f3a1d1d0346,Map of Liberty Township; Pleasant Valley; Map of Lincoln Township,03d-01,2026-10-01
29befc19-6cb9-4538-a281-7c76183d1965,Plat of Lincoln Township,03d-01,2026-10-01
29c79efb-5e1c-4f25-ab9f-474e484bf516,"Atlas of Scott County, Iowa, 1894",03d-01,2026-10-01
29cc90c9-b622-41fe-a13d-160d48b309b6,"Standard atlas of Dickinson County, Iowa, 1911",03d-01,2026-10-01
29f5ef4d-b42f-444f-813c-d5179ed4d623,Map of Franklin Township,03d-01,2026-10-01
2a9c8cf5-6fd7-4652-b9c8-db16eb247ff5,Burchinal,03d-01,2026-10-01
2b5d0d4b-714a-452d-a03f-cce1aae5b311,Map of Douglas Township,03d-01,2026-10-01
2bd02d7a-fe4c-42aa-9c1f-f36d04fdb061,"Plat book of Wright County, Iowa",03d-01,2026-10-01
2c14c3fd-15f3-4cbd-98c1-68f68ec49b9f,"Plat book of Worth County, Iowa",03d-01,2026-10-01
2c1ba40f-ddc1-446e-b8ec-60bd3ea144fe,Topographical map of Greene County Iowa,03d-01,2026-10-01
2c20ea13-ac51-4171-87db-072c5dce6d02,"Plat book of Winneshiek County, Iowa",03d-01,2026-10-01
2c229efe-a719-4613-9d7d-8445d070402a,Map of Monroe Township,03d-01,2026-10-01
2c32bc47-bada-4abd-a31d-770e32f292f2,"Plat book of Grundy County, Iowa",03d-01,2026-10-01
2c3a4c42-0d19-4f83-8f8a-618b0dd1b0ed,"Plat book of Dickinson County, Iowa",03d-01,2026-10-01
2cf00848-9f65-4db4-9fc4-2e862c21a5d7,Map of Center Township,03d-01,2026-10-01
2d50d9cb-82ae-421a-8717-b300da53fecd,"Atlas and Plat Book of Marion County, Iowa, 1917",03d-01,2026-10-01
2dcd6527-9be7-472c-8df2-a1aa772f15e4,Map of Scott Township,03d-01,2026-10-01
2df320ed-0f97-4c95-a9e6-c3d3ff38eadb,Topographical map of Carroll County Iowa,03d-01,2026-10-01
2e03ad35-f4ad-4830-8b42-d4ee3a0a80f8,"Atlas of Ida County, Iowa, 1920",03d-01,2026-10-01
2e61a1e1-a258-463c-b5bb-223c4c74992d,"Map of Bay County, Michigan",06d-01,2026-10-01
2e73c459-ae70-4945-875d-78f4ed7ca525,"Tate's atlas of Des Moines Iowa, 1899",03d-01,2026-10-01
2ed08b43-ec9c-412f-b335-60251762a9fd,"Map of Alger County, Michigan",06d-01,2026-10-01
2fa838b4-db9a-4d62-80fa-fec30b325373,"Novak's New Map of Johnson County, Iowa, 1889",03d-01,2026-10-01
302a9f4b-2aad-4148-9a19-f76151b3f719,"Atlas of Boone County Iowa, 1918",03d-01,2026-10-01
303ca46d-5ed1-424a-99c9-413f5a9883de,Tabor,03d-01,2026-10-01
307d9267-aa6c-428a-9237-92ad0100dace,State University of Iowa. Iowa City,03d-01,2026-10-01
30972c42-36ea-44af-9950-6538d7a38867,"Standard atlas of Emmet County, Iowa, 1918",03d-01,2026-10-01
30adf8b6-f68c-4172-a069-240c7fdb3d32,"Huebinger's map and guide for Hawkeye Highway: Sioux City to Dubuque, 1912",03d-01,2026-10-01
3136d92f-b0e9-4938-a4b0-0a86815f8a87,"Atlas of Lucas County, Iowa, 1912",03d-01,2026-10-01
3161e0a9-b8f5-4d88-ab95-1793410795c4,Swan Lake Township,03d-01,2026-10-01
3172a0d9-ec5e-4d80-8503-6cdade32ff30,Map of Scott Township; Bartlett; Mc Paul; Percival,03d-01,2026-10-01
31915eb2-d00e-4591-bd31-c8937ee2fec0,"Atlas of Buena Vista County, Iowa, 1923",03d-01,2026-10-01
31a30ede-6a9d-43ac-a353-543e1dc11a60,Armstrong,03d-01,2026-10-01
31cecc43-fc0c-457c-96f0-86499e4dac70,Postville,03d-01,2026-10-01
322119c0-a3ed-4c9f-b8d1-629689520b12,"Atlas of Winnebago County, Iowa, 1905",03d-01,2026-10-01
32419d0e-3885-484c-93e0-b4d7f118abc5,"Atlas of Cass County, Iowa, 1917",03d-01,2026-10-01
33329dda-aa9d-4529-8efa-c5c638c45d2e,"Plat Book of Fremont County, Iowa, 1891",03d-01,2026-10-01
337767c0-6176-453e-b9d9-7d0e98e5c67c,"Standard Atlas of Benton County, Iowa, 1901",03d-01,2026-10-01
33ac6c84-5eec-4fe0-b44a-28325a576cf4,"Greater Oskaloosa, Iowa",03d-01,2026-10-01
34093573-f5f3-4663-a5c4-3bae1bb5b240,"Plat Book of Tama County, Iowa, 1892",03d-01,2026-10-01
34d4a46e-faf0-4bd1-b907-bb228043c639,Farson; Dahlonega; Agency City,03d-01,2026-10-01
34d9b0c3-422e-43f9-8585-f32b753f75fc,Part of the city of Ottumwa and environs Section 31,03d-01,2026-10-01
34fcaf41-2e62-4ccd-9822-5d689aafa01b,"The tourist's pocket map of Michigan: exhibiting its internal improvements, roads, distances, &c.",06d-01,2026-10-01
3503b52e-856d-4688-bf37-96a4351c4d2c,Map of Jefferson Township,03d-01,2026-10-01
3507a8d1-887a-4058-95b2-01fe6e444035,"Atlas of Butler County, Iowa, 1930, 1930",03d-01,2026-10-01
358ec16f-7b1a-4fd9-b1a5-fec68c241c7f,"Plat Book of Marshall County, Iowa, 1885",03d-01,2026-10-01
35c51f67-2888-4c18-9303-f6a382ae6ad8,"Souvenir Atlas of Tama County, Iowa, 1909",03d-01,2026-10-01
35eafeda-cc04-4e93-90d4-f2e89407f79b,"Standard historical atlas of Plymouth County, Iowa, 1907",03d-01,2026-10-01
35f03f8e-b8a7-4e8c-97a5-772a5480b51d,"Map of the northern parts of Ohio, Indiana and Illinois with Michigan and that part of the Ouisconsin territory lying east of the Mississippi River",06d-01,2026-10-01
360f5688-fa7a-40f0-9082-f3662808c2fb,"Plat book of Lucas County, Iowa",03d-01,2026-10-01
363af09d-bd4e-410e-a983-2506ac57b040,Map of St. Clair Township,03d-01,2026-10-01
366bf6d0-135a-44e9-8d8e-4db66e0461f1,Topographical map of Warren County Iowa,03d-01,2026-10-01
366e6b7c-ac19-4c57-a481-a8bffc3023c0,South America upon the Globular Projection,06d-01,2026-10-01
36c033b5-a77b-4295-8c25-09d25a3c0267,"Plat book of Cass County, Iowa",03d-01,2026-10-01
373b4b65-39df-4706-84c0-bb6f3d3eeb7c,Meservy; Thornton,03d-01,2026-10-01
37599b45-415e-4663-a37b-c520b7204913,Plat book of Delaware County,03d-01,2026-10-01
38a042c9-f822-4879-81a6-fafeb69875d9,Map of Fisher Township; Farragut,03d-01,2026-10-01
391603fb-5f31-4bb3-994e-b08369b99291,Topographical map of Lee County Iowa,03d-01,2026-10-01
398d183c-0234-427c-b435-321f01bcf3e4,Iowa,03d-01,2026-10-01
39a5ed48-33fb-4964-9785-5e2d847fa752,Topographical map of Jefferson County Iowa,03d-01,2026-10-01
39ac8f95-8459-4702-a323-862061140f86,"Atlas of Benton County, Iowa, 1872",03d-01,2026-10-01
39bd43d7-6cf0-4499-8aba-e67af50407f3,Plat of Grant Township,03d-01,2026-10-01
39f40723-f1f0-4481-8714-011935fc2a14,"Standard Atlas of Louisa County, Iowa, 1899/1900",03d-01,2026-10-01
3a1fb630-8e6b-4a10-b3a2-97435190ef77,"Map of the District of Columbia, showing location of schools.",06d-01,2026-10-01
3a2a3026-d678-4fb4-957b-0b55c5a22a75,Map of Glenwood Township,03d-01,2026-10-01
3a71d2a7-4201-4536-81e7-1e0b0ee662ab,Map of Green Township,03d-01,2026-10-01
3a747269-c644-4deb-9a8d-307ce5958019,"Burlington, Iowa",03d-01,2026-10-01
3a874943-928f-4c4e-8a02-ab49aca39efa,Michigan [Upper Peninsula],06d-01,2026-10-01
3aabc27e-e215-4fe6-b350-a8eae64d0406,"Madison County atlas, Iowa, 1912, 1912",03d-01,2026-10-01
3ab16303-dcde-46ad-a5c6-27b908d88449,Plat of Iowa Township; Plat of New Albin,03d-01,2026-10-01
3ab2f8db-ed97-47c5-88a2-f1baf779d8af,Map of Madison Township,03d-01,2026-10-01
3ac7aae4-5f93-46ac-8bfd-a165e3503d9e,"Plat Book of Clayton County, Iowa, 1886",03d-01,2026-10-01
3ada4f66-be86-4106-b15f-5cef294e51b1,Map of Center Township,03d-01,2026-10-01
3ae7a266-712e-4e2e-a170-99ad42626a28,"Atlas and plat book of Guthrie County, Iowa, 1917",03d-01,2026-10-01
3b984e92-8012-4483-9cb7-cff890cfc309,Map of Keokuk Township,03d-01,2026-10-01
3bb733fd-b471-4d7e-839c-42895a8da826,Map of the World on Mercator's Projection,03d-01,2026-10-01
3be5b730-9484-4e3d-9cc1-5053e6c41865,Come to Gladwin County,06d-01,2026-10-01
3bf75123-ee85-4341-b30c-997400fd1a2b,"Outline map of Wapello County, Iowa",03d-01,2026-10-01
3d11d649-8db8-49ad-bd51-e6d9d54aca77,San Francisco and vicinity [front],06d-01,2026-10-01
3d47cce2-c469-478f-aa80-b5329a072d35,"Federal map of Detroit and environs: showing all new streets and changes (over 600) as recently passed by the Common Council, new car lines, Penn. Detroit Ry. etc.",06d-01,2026-10-01
3dd7f046-f877-440c-aa5a-8ce219b908fc,"Atlas of Appanoose County, Iowa, 1915",03d-01,2026-10-01
3e04d736-73ae-48dd-b908-87be5d0e9a6e,Map of Sharon Township,03d-01,2026-10-01
3e22e1b8-5937-4012-8583-0aec27b6ed67,"Plat Book of Hardin County, Iowa, 1903",03d-01,2026-10-01
3e65e330-e775-4b00-9a29-6d216780949f,Michigan [Lower Peninsula],06d-01,2026-10-01
3e79cb9f-7ff5-47e0-b28e-177909948d0e,"Huebinger's map and guide for Des Moines, Ft. Dodge, Spirit Lake and Sioux Falls Highway: combining the Des Moines, Ft. Dodge and Spirit Lake Highway and the Sioux Falls, Spirit Lake official highway, 1912",03d-01,2026-10-01
3ea630d6-fdec-442d-89dc-a3e7acc759c9,Denmark Township,03d-01,2026-10-01
3eaa9dcb-248d-4fca-9b25-a6b1f73ad3d1,Topographical map of Cedar County Iowa,03d-01,2026-10-01
3ec159ad-b7fa-4f8e-bce7-5e6aaee4633b,Topographical map of Monroe County Iowa,03d-01,2026-10-01
3f2d64d8-1e50-4a7d-b4b7-c88c195dee83,Topographical map of Iowa County Iowa,03d-01,2026-10-01
4039defe-c3f0-4568-987e-de4fbd974a37,"Atlas of Allamakee County, Iowa, 1917",03d-01,2026-10-01
4055df09-4d50-48de-b255-4d82d249507b,"Map of the city of Detroit, Michigan, 1904, showing wards and election districts.",06d-01,2026-10-01
405d7c2c-fc53-4e98-8b31-ebd875e8869b,Gogebic County official recreational map,06d-01,2026-10-01
408d4728-df6d-40f7-bec9-6a581c2f66d7,Plat of Clear Lake Township,03d-01,2026-10-01
416a37be-bed8-49ba-8bc2-bd0703ec2006,Epworth,03d-01,2026-10-01
4182effb-7f0f-4029-931b-0a361ce8d2df,Map of Washington Township,03d-01,2026-10-01
4189d8e5-dbe2-4e6b-8ec6-c97cef7f167a,"Atlas of Mahaska County, Iowa, 1905",03d-01,2026-10-01
41c7b9c7-a8a7-48de-a69e-6ae393603bca,Map of Sharon Township,03d-01,2026-10-01
429bff87-9f2b-43a6-9b18-a89ab83dac6e,"Atlas of Greene County, Iowa, 1918",03d-01,2026-10-01
43b017f3-d6f0-493a-979f-730787dcb63a,"Plat Book of Boone County, Iowa, 1896",03d-01,2026-10-01
441e939b-1f3c-4bb4-859a-a364b4b2fb05,"Plat Book of Monroe County, Iowa, 1902",03d-01,2026-10-01
44353c1a-9a8c-4f9f-a4f0-f02fef936bc8,"Atlas of Sioux County, Iowa, 1923",03d-01,2026-10-01
44f6edcb-506e-4f2b-b295-be5a41591dc2,"Plat book of Jefferson County, Iowa",03d-01,2026-10-01
45beb586-101d-4eab-91e7-5c69d7494ad3,Plat of Taylor Township,03d-01,2026-10-01
45cda59e-d662-4e5a-9fd8-b0cdbcf540c2,"Plat book of Fayette County, Iowa, 1896",03d-01,2026-10-01
4619a815-1204-4772-8d7f-d2ec5ae4f703,Topographical map of Palo Alto County Iowa,03d-01,2026-10-01
463d4d74-c36b-4970-a4ec-29142c8d5c33,"Plat book of Pottawattamie County, Iowa",03d-01,2026-10-01
4697e292-8fe1-41c7-99a1-fe0d3d14869a,Topographical map of Ringgold County Iowa,03d-01,2026-10-01
4751828f-29c1-4545-8f87-cb8cff6c592c,Topographical map of Cerro Gordo County Iowa,03d-01,2026-10-01
475af48d-6a3d-4c25-8d36-dba602ecea42,"Atlas of Cedar County Iowa, 1901",03d-01,2026-10-01
477e80cf-adaa-48fd-b3e8-663245adb71c,"Atlas of Cedar County, Iowa, 1916",03d-01,2026-10-01
4793dfa6-7849-4e5d-8c55-1c45d197ba67,Map of Plattville Township,03d-01,2026-10-01
479fab3c-d3d8-409d-bf1e-0e770d947792,"Atlas of Winnebago County, Iowa, 1913",03d-01,2026-10-01
47ced4e6-bc38-43a4-ae41-f3faf2d42cd9,Topographical map of Linn County Iowa,03d-01,2026-10-01
47d1533c-f242-45be-bbbe-e2a0976c3f5f,Topographical map of Cass County Iowa,03d-01,2026-10-01
47f44689-4ea5-442e-8699-471faec81370,Map of Africa,06d-01,2026-10-01
48741a65-7eb8-4232-98fe-bdc3e8be86be,Waverly Township,06d-01,2026-10-01
49a55869-2cb3-411f-9e2d-266313b91f03,Map of Pleasant Valley Township,03d-01,2026-10-01
49a97edd-0988-43b5-8232-ee23a1d35906,"Atlas of Marshall County Iowa, 1871",03d-01,2026-10-01
49adfae9-73c3-4be4-ae17-2cd94cddc5bd,Topographical map of Chickasaw County Iowa,03d-01,2026-10-01
49b0d53f-ff98-4e00-9193-30aafe1d8e3f,Topographical map of Monona County Iowa,03d-01,2026-10-01
4a0f9324-ffa3-4a73-b1fb-d437535dd40d,Plat of Union Prairie Township,03d-01,2026-10-01
4a26a87d-9ad5-4725-abda-867b108e9ebb,"Plat book of Ringgold County, Iowa",03d-01,2026-10-01
4a579c51-27fc-4513-81b3-229518739bde,"Plat Book of Linn County, Iowa, 1930",03d-01,2026-10-01
4a739702-1264-4dc9-b7f3-fff93c4e60fa,Topographical map of Fremont County Iowa,03d-01,2026-10-01
4a8a0302-9fae-45ee-9ff9-a950f5c9a608,Shueyville,03d-01,2026-10-01
4b31a100-b81d-4c86-bc39-9564ad837313,"Plat book of Floyd County, Iowa, 1895",03d-01,2026-10-01
4b55f05f-adfe-45d5-90e8-0e04aabf4e2f,"Atlas of Tama County, Iowa, 1916",03d-01,2026-10-01
4b55fd90-5d05-48e8-8b83-88ddcc065ab6,Plat of Geneseo Township,03d-01,2026-10-01
4be71a8d-8557-4b6c-9334-80f27be01685,Topographical map of Clayton County Iowa,03d-01,2026-10-01
4c069516-2243-4454-af9e-986c5734069d,Topographical map of Winneshiek County Iowa,03d-01,2026-10-01
4c5c73a9-9918-4906-ac74-e7fbfbf2411c,"New Atlas of Linn County, Iowa, 1938",03d-01,2026-10-01
4c6926b9-33cf-47c7-bd3e-d2ea518c94f2,Official map of Baraga County,06d-01,2026-10-01
4d349c06-4bac-4ad7-85c5-2094b4de8a0e,"Illustrated Atlas of Black Hawk County, Iowa, 1896",03d-01,2026-10-01
4dae34b6-b0f9-4a58-923b-e9ede3b32182,Topographical map of Johnson County Iowa,03d-01,2026-10-01
4dceaf8d-6cbb-4d4b-af47-b6b3f3374d13,"Atlas of Keokuk County, Iowa, 1874",03d-01,2026-10-01
4f26f394-f35c-4c9a-a4f9-995ad8f2c97c,Sherrill Post Office,03d-01,2026-10-01
4f634640-71c0-4c48-8488-174b77ce0d79,"Atlas of Madison County Iowa, 1905",03d-01,2026-10-01
4f6adfd9-1739-44c9-8424-ca5a74a6862c,Plat of Taylor Township; Plat of Harper's Ferry,03d-01,2026-10-01
4f7f6bb6-2c42-4dd5-85a3-6fa4f728e608,Decatur Township,06d-01,2026-10-01
4fa559cd-91f6-4f9f-94ea-99c5f0efa2df,"Plat book of Audubon County, Iowa",03d-01,2026-10-01
502337bd-1985-473d-858c-269ebf15c108,"Atlas of Buchanan County, Iowa, 1910",03d-01,2026-10-01
51bbe3e6-a4b9-4eab-b0ab-9c545f8a7440,"Atlas of Scott County, Iowa, 1905",03d-01,2026-10-01
522163ab-e1ce-4628-b043-ee961e69726e,Map of Indian Creek Township; Balfour; Hillsdale,03d-01,2026-10-01
527064f6-7f01-46bb-9eca-4bc471f18e3c,Map of Greeley Township,03d-01,2026-10-01
5284c407-7bea-4e45-8c59-5b7915babe09,Road map of Emmet County,06d-01,2026-10-01
528eb384-35cf-4d1c-8359-f9f6797fd01c,"Atlas of Linn County, Iowa, 1921",03d-01,2026-10-01
52ff96e5-e994-48eb-bbab-f5e9d4d702aa,"Atlas of Clay County, Iowa, 1919",03d-01,2026-10-01
535c1b06-5f14-4b4c-819e-5283e7d0f197,"Map of the city of El Paso, Texas / compiled by E.C. Baer.",06d-01,2026-10-01
535d1841-9e1a-41e6-886f-f7640cd684dc,"Atlas of Warren County, Iowa, 1915",03d-01,2026-10-01
548c2ab4-9c1b-4c69-ab93-62859f4f4abc,Plat of Mosalem Township; Rockdale,03d-01,2026-10-01
54f9ad7f-d124-4914-b665-2dfa363a8e6a,Topographical map of Floyd County Iowa,03d-01,2026-10-01
55194dab-2e99-4252-b59d-2045bf0dc095,"Tri-County Farmers Institute Atlas: Covering Parts of Scott, Muscatine, and Cedar Counties, Iowa, 1921",03d-01,2026-10-01
5588ac0b-3b98-408d-ba87-f2d26e8c2c4a,Plat of Columbus; Plat of Hardin,03d-01,2026-10-01
55f27f0f-c263-4b98-9c1f-7e3698af3e5b,"Standard Atlas of Lee County, Iowa, 1916",03d-01,2026-10-01
56135255-cfdc-45c5-9d1c-b69786166c12,"Atlas Map of Bremer County, Iowa, 1875",03d-01,2026-10-01
5616c9ff-f133-493e-bac1-88b5a19f7c6c,Map of Iowa Showing the Rainfall; Map of Iowa Showing Mean Annual Temperature,03d-01,2026-10-01
56e99a6b-79d5-4882-b0b6-645962a38855,Map of East & West Lucas Townships,03d-01,2026-10-01
57560778-a4d4-464c-91d8-e9e2519d985f,"General highway map, Benzie County",06d-01,2026-10-01
57732af4-286a-4bed-b4b8-bfc0de03ab51,"Hancock County atlas, Iowa, 1905",03d-01,2026-10-01
58d4ef1a-c495-4047-8405-c9b8bf250be0,"Standard Atlas of Cass County, Iowa, 1900",03d-01,2026-10-01
593d311f-aa6a-448e-be02-57d5450f52d9,"Standard Atlas of Greene County, Iowa, 1917",03d-01,2026-10-01
594dc06a-fd90-43a7-90e7-981a97bebfc5,"Plat book of Cerro Gordo County, Iowa, 1895",03d-01,2026-10-01
5988e82f-5a94-4e12-995a-a432ca4e4d7f,Modern Africa,06d-01,2026-10-01
59baf924-4b00-4089-a646-48c88c08ab58,Topographical map of Woodbury County Iowa,03d-01,2026-10-01
5a35d047-1b47-4f4e-bab3-d3096796a992,Plat of Waukon,03d-01,2026-10-01
5b1214ef-339d-4b60-aab2-c88e958fd837,Plat of Mt. Vernon Township,03d-01,2026-10-01
5b360946-37be-48db-bb59-55c507e26689,Topographical relief map of the Panama Canal and surrounding territory,03d-01,2026-10-01
5b41fdab-e5de-4715-a1d7-e56b3b269d9e,Map of Fremont Township,03d-01,2026-10-01
5b619198-8456-493e-a328-6286f0a245c2,"Map showing the representative districts of the State of Iowa, 1904; Map showing the judicial districts of the State of Iowa, 1904",03d-01,2026-10-01
5b952171-ec68-457c-9ef2-30d11db2ab18,The world on Mercator's projection,03d-01,2026-10-01
5b9b361d-e4d4-4fa8-b05a-4c2aa58c589e,Ottumwa,03d-01,2026-10-01
5ca58d65-24fe-43e2-b8fc-95fc0f209b99,Topographical map of Black Hawk County Iowa,03d-01,2026-10-01
5d79b947-5830-4337-b58d-428cd6fbcf1c,South Haven Township,06d-01,2026-10-01
5d84454d-a1a4-40a1-b4aa-16deb6b2011e,Plat of Union City Township,03d-01,2026-10-01
5dc44634-2427-41f0-9f11-7f31e6b3eb14,Kazusa no Kuni yochi zenzu (上總國輿地全圖),07d-01,2026-10-01
5dcf0607-a3b7-4d49-bffb-916da49c14e6,"Plat book of Davis County, Iowa",03d-01,2026-10-01
5df2427b-d4cd-45fe-90f3-7d6115fcd8ee,Part of the city of Ottumwa and environs east half of section 36,03d-01,2026-10-01
5e49e9d8-1a31-4c7c-8033-31defb9ed754,"Official map of Chippewa County, Michigan",06d-01,2026-10-01
5e5f7151-5430-4761-8dbc-a52bb33186a0,"Map of the state of Michigan and the surrounding country, exhibiting the sections and the latest surveys",06d-01,2026-10-01
5e714dc7-f396-4da9-b157-ac1c8a2686a4,"Atlas of Monona County, Iowa, 1919",03d-01,2026-10-01
5ebd6a8f-3618-4d6e-a2c5-dbadf63eaf59,Topographical map of Delaware County Iowa,03d-01,2026-10-01
5f08f194-e1e3-4c20-8294-d92b0bb7320a,"Atlas of the state of Iowa, 1904",03d-01,2026-10-01
5f43ac67-170a-41f2-a289-cdffcd18ffcd,Map of Deer Creek Township,03d-01,2026-10-01
5f689ad2-bc70-49d2-a8aa-3e74203e6d0d,Topographical map of O'Brien County Iowa,03d-01,2026-10-01
5f7935fa-617d-4716-876c-134f25306d06,Hamilton Township,06d-01,2026-10-01
5fa3898f-7bec-46ce-bd07-cb7508a89722,The World on Mercator's Projection,03d-01,2026-10-01
5fe4e1f3-dd4b-4298-82eb-6aa2a5cd7cfe,"Independent Malting Company. Davenport, Iowa",03d-01,2026-10-01
605eb878-4db8-4903-bfd0-72e01d038e1e,Emmet Township,03d-01,2026-10-01
60616583-2e22-4332-bf13-dcb3fd29fe48,United States,06d-01,2026-10-01
6156026d-f192-4cfe-bb17-68d67eb0f4b6,Map of Ingraham Township,03d-01,2026-10-01
621ff805-0419-4975-862a-4e37204374a5,Map of Dahlonega Township; Map of Cass Township; Map of Green Township,03d-01,2026-10-01
629be9e7-b969-4e3a-b6c5-bfa472d5eb4e,"Soil map, Ingham County, Michigan",06d-01,2026-10-01
62abb614-fc33-4368-8daa-2821995d86f8,"Plat book of Benton County, Iowa",03d-01,2026-10-01
62af1621-8efb-4d0d-94e2-2435bc18e0be,Pacific Junction,03d-01,2026-10-01
62e99faf-84d7-4632-9069-2bff58373d8b,"Le Canada, ou Nouvelle France, &c.: ce qui est le plus advance vers le Septentrion est tiré de diverses Relations des Anglois, Danois, &c. Vers le Midy les Costes de Virginie, Nouvlle Suede, Nouveau Pays Bas, et Nouvelle Angleterre Sont tirées de celles des Anglois, Hollandois, &c. La Grande Riviere de Canada ou de St Laurens, et tous les environs sont suivant les Relations des Francois",06d-01,2026-10-01
630710f9-c1a2-4ace-9e2d-799600d077f6,Dyersville,03d-01,2026-10-01
63274c49-1ae6-468b-a2bf-c954b4dad912,Map of Silver Creek Township; White Cloud; Strahan; Solomon,03d-01,2026-10-01
63912628-f47d-47d4-94ee-0ca82d46ab9d,Map of Shelby Township,03d-01,2026-10-01
63a03d66-62eb-48d0-b5fb-00647f2b2d31,Map of Westphalia Township,03d-01,2026-10-01
640b74ab-e2d2-4180-beaf-a12d66a32e3d,Map of Fremont Township,03d-01,2026-10-01
6457ba3f-66c4-43eb-80c6-1143c922cc8a,"Atlas of Crawford County, Iowa, 1920",03d-01,2026-10-01
64652228-1814-46a9-b278-edac134fc0f6,"Atlas of Plymouth County, Iowa, 1921, 1921",03d-01,2026-10-01
6466934b-a2ab-4a3f-b946-e3208e8d6cf6,Twelve Mile Lake Township,03d-01,2026-10-01
64ada38b-99fc-4233-92e2-d5f5e9767780,Map of the United States,03d-01,2026-10-01
651dca14-6522-49d8-b761-1859b8c339bd,Plan of the New Town of Halifax in Nova Scotia,06d-01,2026-10-01
6567cd4c-11ba-435e-ab9f-5deab024cbba,Map showing the principal meridians and base lines in the United States,03d-01,2026-10-01
6575acd4-eb35-45b7-8ef2-0ca1823957a6,"Atlas of Muscatine County, Iowa, 1874",03d-01,2026-10-01
65c9c3e5-6427-4524-b7a6-b010794bae48,Map of Jefferson Township,03d-01,2026-10-01
664186c3-fa9d-4e68-b492-c0d87d40d157,Armstrong Grove Township,03d-01,2026-10-01
666175c0-d200-4fed-a50e-011ef8b7a679,"Atlas of Humboldt County, Iowa, 1915",03d-01,2026-10-01
666b4bfa-1533-477a-88ef-ebd727ef9787,Topographical map of Mills County Iowa,03d-01,2026-10-01
6685ca42-271f-4a64-9ae7-bf5885c03171,"Plat book of Taylor County, Iowa, 1894",03d-01,2026-10-01
66e6a218-488e-4d8d-b6e2-7eba06057b81,Topographical map of Muscatine County Iowa,03d-01,2026-10-01
66f2da08-3982-4e30-8829-e8bcf74150e6,"Plan of the redoubt and intrenchment on the heights of Charles Town, commonly called Bunker's Hill, opposite Boston, in New England, attacked and carried by his Majesty's troops, June 17, 1775.",06d-01,2026-10-01
670ddbe5-4547-4b56-8de8-19f91eea2202,Topographical map of Jones County Iowa,03d-01,2026-10-01
67324a64-ba8a-46d3-b9a8-97ef9d6acebf,System of United States government land surveys. page 2,03d-01,2026-10-01
67acacd8-56e8-4d19-baf5-f0da9294fbeb,Iowa City,03d-01,2026-10-01
682da96e-ec38-4963-a067-c0aaaee614e8,Map of Jordan Township,03d-01,2026-10-01
685f8a54-4612-4d69-a569-79907a308916,"Standard Atlas Davis County, Iowa, 1912",03d-01,2026-10-01
68a7a6f1-5aa0-45b7-8fde-8030198a2e1e,Plat of Dougherty Township,03d-01,2026-10-01
68d54d95-c3df-4e42-bd67-c5de3e890c34,"Jefferson County Atlas, 1936",03d-01,2026-10-01
69253ca8-cb6d-4ded-828c-d9288bd3ef28,Map of the country embracing the route of the expedition of 1823 commanded by Major S.H. Long / engraved by R. Penny.,06d-01,2026-10-01
696ea9ce-33bc-41d3-9e8b-0f4033c35dcf,"Atlas and Rural Directory of Marion County, Iowa, 1937",03d-01,2026-10-01
697d7932-15fc-4365-9e2f-6da5a91ff06f,Map of Cooper Township,03d-01,2026-10-01
69a0c2f6-2191-445a-9397-775b2783642c,"Atlas of Davis County, Iowa, 1931",03d-01,2026-10-01
69c33bc7-eef5-444e-984a-d0c0dfe53488,"Atlas of Kossuth County Iowa, 1913",03d-01,2026-10-01
69e2dc41-d302-41ea-ab75-a408388ca796,"Huebinger's map and guide for Blue Grass Road: Council Bluffs, Burlington Ft. Madison, Muscatine, 1912",03d-01,2026-10-01
6aa53aca-3aa6-46ce-b0c1-401e8b6b746e,Map of Maple Township,03d-01,2026-10-01
6ab49e5b-a7a4-4d46-bbda-262e71221902,Ellsworth Township,03d-01,2026-10-01
6aba9aa6-b75d-49ac-b4e4-6b01543fe2c9,"No. 1, plan of the old streets about London Bridge; No. 2, plan of a new street, propos'd to be built from the Royal Exchange to London Bridge.",06d-01,2026-10-01
6b0f9274-dd09-4570-819e-99b018bce2c9,"North America upon the globular projection, drawn from the latest and best authorities / by Eman. Bowen, geogr. to his late majy.",06d-01,2026-10-01
6b251a07-a706-4ee2-b384-f71bb6dfcd35,"Plat book of Decatur County, Iowa",03d-01,2026-10-01
6b5878c3-d902-4a3b-92e1-b18a63286abd,Topographical map of Poweshiek County Iowa,03d-01,2026-10-01
6b60a0a5-6445-4e29-a54a-384e918abf1f,Topographical map of Harrison County Iowa,03d-01,2026-10-01
6b6aa765-9e6a-4feb-a8a6-09388bb99af0,Cascade,03d-01,2026-10-01
6b880b66-f50e-4c18-8a46-0cc165822375,"Burlington Brewery, Burlington, Iowa; Star Boiler Works, Clinton, Iowa; Moehn Brewing Company, Burlington, Iowa",03d-01,2026-10-01
6bbf3a21-5aea-47fe-8e4e-00c222607294,Plat of Hanover Township,03d-01,2026-10-01
6be274b8-6b36-4e95-9fd8-445201ea794a,"Plat book of Lee County, Iowa",03d-01,2026-10-01
6c161ee9-5146-4969-9d72-76da3c19272e,Georgetown (Pin Oak Post Office),03d-01,2026-10-01
6c4a809a-d4c5-4e94-815a-9769e802301c,"Standard Atlas of Crawford County, Iowa, 1908",03d-01,2026-10-01
6c4b70e1-4e84-485c-9754-c48e60504e35,Opper-Ethiopien of 't Ryk Der Abyssinen / Jeronimo Lobo,06d-01,2026-10-01
6cb67ba6-8c57-45ac-9059-62451f2724e0,"Plat book of Winneshiek County, Iowa, 1886",03d-01,2026-10-01
6cc546b3-13bc-4faa-8748-7ac32d775c07,Plat of Dodge Township,03d-01,2026-10-01
6cdafdad-344b-428d-a1b3-b7fc6a0b8e78,"Atlas of Woodbury County, Iowa, 1917",03d-01,2026-10-01
6da8a706-4931-414c-8de7-48c1cbb4c1a9,Topographical map of Bremer County Iowa,03d-01,2026-10-01
6dab3f4c-b4d9-40cf-8830-a5f5d479daf1,Railroad Sectional Map of Iowa,03d-01,2026-10-01
6dd10f9e-38e3-4011-b549-24f2d57036bc,"Plat book of Howard County, Iowa",03d-01,2026-10-01
6dfa39f1-f506-4fa2-a1eb-f3c128c68fa1,"Map of the states of Ohio Indiana & Illinois and part of Michigan territory, compiled from the latest authorities",06d-01,2026-10-01
6e5eda93-7c75-4608-9021-1bc40639bd6d,"Plat Book of Greene County, Iowa, 1896",03d-01,2026-10-01
6f7e2537-5a74-4abf-9040-6714a5746ea3,Map of Columbia Township,03d-01,2026-10-01
7060ed90-2ebf-4b4c-9fe9-adebff363a91,The Moguls empire divided into its principal governments.,06d-01,2026-10-01
71001dd1-73e7-40ff-94e5-d48846d31d7a,"Atlas of Hardin County, Iowa, 1918",03d-01,2026-10-01
717039d0-a8fa-4dc2-ba48-f97e5f08e810,Part of the city of Ottumwa and environs Section 25,03d-01,2026-10-01
71ce70f2-8030-4b73-9867-4d76e6e41bf2,Topographical map of Pottawattamie County Iowa,03d-01,2026-10-01
71e6ca1e-225a-49d0-bcd0-5f79966fcb46,"Standard Atlas of Osceola County, Iowa, 1911",03d-01,2026-10-01
72140f68-1032-4e0b-bc9c-da2bbc841913,Plat of Franklin Township,03d-01,2026-10-01
72b8f5ff-b7cf-4ed7-ad6a-cddc2365262e,"Plat book of Union County, Iowa",03d-01,2026-10-01
72d367ba-66c0-439f-94db-1ad06f581e36,"Plat book of Greene County, Iowa",03d-01,2026-10-01
73c00142-10df-43d8-946c-a7f577e27089,Topographical map of Howard County Iowa,03d-01,2026-10-01
741c1972-f616-4b8e-9a4e-8ae06d1c5042,"Plat book of Lyon County, Iowa",03d-01,2026-10-01
742429ea-da2e-4da9-93c1-f8cb174427df,"Atlas of Mills County, Iowa, 1921",03d-01,2026-10-01
7469b0ca-0dd2-4272-92f9-bcbb8ca4cee5,"Plat book of Van Buren county, 1897",03d-01,2026-10-01
748395ed-13da-448b-9ee8-afa9dedc135a,Topographical map of Shelby County Iowa,03d-01,2026-10-01
75264d9f-ed19-4c22-bfd5-3eecb378961e,Estherville Township,03d-01,2026-10-01
75fa4883-efad-4c81-bf56-d3c9723f2968,Part of the city of Ottumwa and environs section 14,03d-01,2026-10-01
772a842f-1243-4335-9abe-98d413db406c,"An Illustrated Historical Atlas of Louisa County, Iowa, 1874",03d-01,2026-10-01
7782df05-572d-4937-ba45-1a429e80b4db,Carte et description generale de Dauphiné: avec les confins des pais Provinces voisines; le tout Racourcy et reduict par Jean de Beins ingenieur et geographe du roi.; Carte et description generale de Davphine,07d-01,2026-10-01
77a3baf1-ce66-4a5c-a8a4-c7c155463edc,Race and Occupation of immigrants by destination. Also the yearly increase and decrease of each state’s proportion and the number.,06d-01,2026-10-01
77ce6564-ae7c-41c3-870c-51c6a846e287,Sectional map of Johnson County,03d-01,2026-10-01
78214dec-6c78-4c58-8dd9-6c32a22a34d8,Territory of New Mexico,06d-01,2026-10-01
785ee895-f82c-43c1-995a-fa6e1b078694,"Atlas of Washington County, Iowa, 1920",03d-01,2026-10-01
78aeec49-a708-4794-acd8-607a4667bb0f,"Exhibit ""B"": [map showing the location of public schools attended by Japanese children in San Francisco, California, prior to an October 11, 1906, order by the San Francisco Board of Education, which transferred Japanese pupils to a single ""Oriental School"" in the burned area of the city].",06d-01,2026-10-01
79a72a70-1978-4c45-a3da-f6b7f4c74336,Randolph,03d-01,2026-10-01
7a0709ed-c4d4-4e33-96f4-5f009cea4fe3,"Atlas of Keokuk County, Iowa, 1912",03d-01,2026-10-01
7a0e36cd-b717-4ef1-b7aa-834b45256dc3,Portland,03d-01,2026-10-01
7b9f94c8-5b05-4ae3-bee9-f95b76ab8439,Map of Prairie Township,03d-01,2026-10-01
7be23069-1396-4bca-bba4-d90987d14058,Plat of New Wine Township,03d-01,2026-10-01
7bec02d5-9e3b-4e37-90af-215cfcb7fd08,Map of the town of Lone Tree,03d-01,2026-10-01
7c189397-66af-4073-92e5-b9310dceeb90,"Atlas of Warren County, Iowa, 1902",03d-01,2026-10-01
7c198fdb-b507-4d13-92e6-d06f8313c44c,Map of Scott Township,03d-01,2026-10-01
7c274ad5-9c89-47b4-87ab-3332cc62437c,Old Pt. Royal,06d-01,2026-10-01
7c300748-fc61-4a19-8b8e-5b016502700e,Topographical map of Humboldt County Iowa,03d-01,2026-10-01
7ca2a074-20e9-4c41-ab8d-9be043c57abf,"Standard Atlas of Bremer County, Iowa, 1917",03d-01,2026-10-01
7cc363fc-fd24-4408-b6cb-c1cdd177c503,New Vienna,03d-01,2026-10-01
7d2f5d30-822a-4a3b-8259-0ecdcc79ad48,"Atlas of Cedar County Iowa, 1872",03d-01,2026-10-01
7d3cb7e4-88a0-4f57-a9c9-34136c48a0cc,"Plat Book of Iowa County, Iowa, 1886",03d-01,2026-10-01
7d4a7013-31a6-45f2-95b2-696dfd34f26d,Plat of Falls Township,03d-01,2026-10-01
7d607e73-3397-4513-a580-ed7f4ce5004c,"Official road map, Ionia County, Michigan",06d-01,2026-10-01
7d8fdd28-74f7-4f80-bed4-a2976c4185f4,"Plat book of Muscatine County, Iowa",03d-01,2026-10-01
7dc4d0cd-8725-485d-bd5e-75af69ac1e0d,Map of Liberty Township,03d-01,2026-10-01
7e6210a2-0df0-4bc5-800b-3ae2fd4197bd,Gray's new map of the United States,03d-01,2026-10-01
7e8e822d-abd3-4614-b879-2a8750dd1aba,Ober-Guinea und West-Sudan,06d-01,2026-10-01
7eb6b495-b39f-4c6b-a48e-d1aab24e932c,Plat of Vernon Township,03d-01,2026-10-01
7ed9f6da-ab61-4532-9bb6-2e0e9d1c78e8,Plymouth,03d-01,2026-10-01
7f267ef9-2e79-405d-9d6c-10c16a194794,"Plat book of Palo Alto County, Iowa",03d-01,2026-10-01
7f293ff9-df28-4bad-b487-3adedf5767b5,"Plat book of Monroe County, Iowa",03d-01,2026-10-01
7f43c571-b26a-4f6a-a4c0-8fd3fee4b86d,Malvern,03d-01,2026-10-01
7f535ab1-d0ef-4c4d-a722-a28c384dfe44,"Standard atlas of Adair County, Iowa, 1901",03d-01,2026-10-01
7fd7fa1b-098e-4f2c-86d3-ff9c6b879689,Iowa,03d-01,2026-10-01
7fdb3e3f-059a-4ba9-9dd5-7c3ebc87ee0c,Map of Oxford Township,03d-01,2026-10-01
7fe027da-2057-4650-a79b-b8638a01ca2c,"Plat Book of Lucas County, Iowa, 1896",03d-01,2026-10-01
80e8ab64-c51f-49da-b746-9fbbcb250f81,"Plat book of Wapello County, Iowa",03d-01,2026-10-01
80f513d8-aba3-4391-a6f3-d772840c4e74,Map of Clear Creek Township,03d-01,2026-10-01
8120f9d5-c19c-495f-8022-1bbe28572081,Silver City; Hastings,03d-01,2026-10-01
8155f6d0-1048-4cd1-9271-61e31bde155b,Map of Grove Township,03d-01,2026-10-01
8179d66a-1fdc-451f-bfbc-8bbdb322f4fb,Grand Traverse County,06d-01,2026-10-01
81d6bc1b-0596-4b62-a2d6-7f08e1e0c89c,Topographical map of Dubuque County Iowa,03d-01,2026-10-01
827f7765-d863-4e3c-9c2f-4d6bc665f6a1,Topographical map of Wapello County Iowa,03d-01,2026-10-01
829ecef4-70b6-499d-9141-6b02cb1093d1,Map of Polk Township,03d-01,2026-10-01
82bbbd46-8e5b-41d3-9c8a-9a7bc5827707,County of Montmorency Town 29 Range 1 East: [Michigan].,06d-01,2026-10-01
83126180-40fc-43c0-831a-1a94b99d957c,"Atlas of Shelby County, Iowa, 1921",03d-01,2026-10-01
83862060-c12f-4e94-ad26-5623de2618f7,Map of Union Township,03d-01,2026-10-01
83d3475c-8e96-4617-a135-cddd5cb0f37c,"Official Buena Vista County plat book, 1942",03d-01,2026-10-01
855c33bf-499a-4bf5-9836-c6af22d3f7a0,Topographical map of Kossuth County Iowa,03d-01,2026-10-01
85cf3b18-ace9-465c-8c8b-72b3f0332878,Plat of Fariview Township; Dorchester; Rossville,03d-01,2026-10-01
86018d04-1c02-4224-9776-3c6349ba0a1d,Topographical map of Union County Iowa,03d-01,2026-10-01
86092ed6-84a7-4c8f-9a29-c7509c5a420e,"Atlas of Poweshiek County, Iowa, 1921",03d-01,2026-10-01
860a3fbe-e765-4f22-ac23-dc16bf2c6301,Map of Jackson Township,03d-01,2026-10-01
862b8c7f-b175-4fde-9614-b9f7e1c7dadd,"Atlas and Directory of Rural Taxpayers of Linn County, Iowa, 1914",03d-01,2026-10-01
86d72c4e-6e00-4369-a92f-e79fe6fd48ac,Road map of Kalamazoo County,06d-01,2026-10-01
871d0501-47c5-4d27-ace7-9174d06799d6,Large map of Iowa City (cont.),03d-01,2026-10-01
8761dd95-7911-46f9-8c1b-641735e591dc,"Plat book of Adams County, Iowa",03d-01,2026-10-01
877ffcea-e171-4632-8950-02b3dc038e2d,"Map showing the congressional districts of the State of Iowa, 1904; Map showing the senatorial districts of the State of Iowa, 1904",03d-01,2026-10-01
87aea489-b561-43a1-8732-fcba09063842,"Atlas of Howard County, Iowa, 1915",03d-01,2026-10-01
87af2c45-7cff-44b0-b7e6-49683b9caf12,"Plat book of Buena Vista County, Iowa",03d-01,2026-10-01
881b482b-1b6f-4938-aa93-c79854b8d38a,Topographical map of Montgomery County Iowa,03d-01,2026-10-01
881cb3c2-6b0d-44f6-ad37-1f3fef029c62,"Atlas of Black Hawk County and The World, 1926",03d-01,2026-10-01
891ae18e-1d48-483f-b006-1b21ecfd9be4,North part of Clear Lake,03d-01,2026-10-01
8966c848-aafb-4a31-a0c2-72fb6fb460a3,"Atlas of Palo Alto County, Iowa, 1938",03d-01,2026-10-01
896bebed-a8da-47d5-8904-391f5dad2caa,Plat of Grimes Township,03d-01,2026-10-01
896c49c1-578a-453c-864d-88f62321fa8b,"Map of Washington County, Iowa, 1859, 1859",03d-01,2026-10-01
89963ed1-638e-4934-80ea-ad3ae3bc556f,"Plat Book of Monona County, Iowa, 1937",03d-01,2026-10-01
8a4a1db5-d74a-408d-b91f-3e3b317fcf75,"Standard Historical Atlas of Worth County, Iowa, 1913",03d-01,2026-10-01
8ad67139-cfa3-4c95-a165-b612b4d32785,"Plat Book of Page County, Iowa, 1902",03d-01,2026-10-01
8af3f6a0-180a-4a54-b8c2-4214cf88e09b,"Plat book of Butler County, Iowa",03d-01,2026-10-01
8babed7a-9742-4cee-98ad-9a43fafa3ad7,Topographical map of Des Moines County Iowa,03d-01,2026-10-01
8bca7bd0-513b-4bee-8d5e-1c1fc8a254cd,Sioux City,03d-01,2026-10-01
8c7b2679-bb25-4407-ac86-319480759804,Topographical map of Tama County Iowa,03d-01,2026-10-01
8cddc076-7502-4f8d-80d3-f9d50db61203,South part of Estherville,03d-01,2026-10-01
8d78d911-0d39-47be-84c3-94f2637455fe,Map of Big Grove Township,03d-01,2026-10-01
8dc59891-f45d-4366-907d-a0f37fbd8a40,Topographical map of Wright County Iowa,03d-01,2026-10-01
8eaee31f-72c0-4d7a-a329-87c984f64c8c,Michigan,06d-01,2026-10-01
8ef0f252-1f5f-499f-a3cd-83a797c83655,Topographical map of Osceola County Iowa,03d-01,2026-10-01
8f370d1e-5640-4373-92f9-2fec912efd04,"City of Glenwood, county seat of Mills County (cont.)",03d-01,2026-10-01
8f52e1bc-2088-454d-b081-623ec87d9ad2,Map of Solon,03d-01,2026-10-01
8fef7cf8-ba8b-48c7-91dc-991d10adc888,Topographical map of Audubon County Iowa,03d-01,2026-10-01
9204a9c7-31e5-4663-9849-bf3934b13ade,"City of Glenwood, county seat of Mills County",03d-01,2026-10-01
92481a2b-c42f-4e4e-86be-f474c89471da,"Plat Book of Ringgold County, Iowa, 1894",03d-01,2026-10-01
926bc3ad-ecd4-4729-8121-189ea6c2995f,"Standard atlas of Buena Vista County, Iowa, 1908",03d-01,2026-10-01
926e6d09-83ef-4818-85b8-5756106c0dd8,Map of Monroe Township,03d-01,2026-10-01
929c25bb-9299-4c0d-af08-7a1632143cd5,"Plat book of Woodbury County, Iowa",03d-01,2026-10-01
92d648ee-393e-43fd-b208-f016d2f363ad,"Standard Atlas of Shelby County, Iowa, 1911",03d-01,2026-10-01
93501fd3-fa04-4ec0-9990-1e6cfacd4683,"Plat book of Calhoun County, Iowa ca. 1934",03d-01,2026-10-01
946a09d2-0782-45a6-be9b-5e54a6fbab9c,Topographical map of Hardin County Iowa,03d-01,2026-10-01
94a7ff04-40dd-45b2-855c-a954380b11dd,Topographical map of Lyon County Iowa,03d-01,2026-10-01
94be562d-dce2-4b0a-8309-27e31f79b3c1,"Plat book of Hancock County, Iowa, 1896",03d-01,2026-10-01
950934f1-e29c-4337-816d-4fa1763d839a,"Genehoa, Jaloffi, et Sierraliones regna / Joannis Janssonii.",06d-01,2026-10-01
950f502a-905d-4fa9-93e1-56c0499c9344,Plat of Ludlow Township,03d-01,2026-10-01
9524b644-fde5-43a0-a186-b731fe98f811,Topographical map of County Iowa,03d-01,2026-10-01
95257e9c-7276-437b-a040-ae5da2ae069b,"Fort Dodge, Iowa",03d-01,2026-10-01
95435499-8209-4793-a4b4-1535b9d3eb79,"Road map of Jackson County, Michigan",06d-01,2026-10-01
9576d4a1-0d7a-4c22-977e-ac87bd8d4102,"Plat book of Union County Iowa, 1894",03d-01,2026-10-01
958e075a-3785-43d9-9e95-0d4403e80f96,"Atlas and Plat Book of Story County, Iowa, 1926",03d-01,2026-10-01
96c53634-0ab2-4319-a7a0-ac22347450d6,Map of the United States,03d-01,2026-10-01
96c75b6d-dc85-4602-9473-33eacd4a42a0,"Plat book of Taylor County, Iowa",03d-01,2026-10-01
96c99e2d-fb12-4649-b857-65d7ca5ea995,"L'Afrique: divisée suivant l'estendue ses principales parties ou sont distingués les uns des autres les empires, monarchies, royaumes, estats, et peuples qui partagent aujord'huy l'Afrique; Sur les relations les plus nouvelles par le Sr. Sanson, geographe ordinaire du roy. Presentée a Monseignur le Dauphin par son tres humble, tres obeissant, et tres fidele scruiteur Hubert Iaillot. Cordier, sculp.; Afrique distinguée en ses principales parties sçavoir la Barbarie, le Biledulgerid, L'Egypte, Le Saara ou le Desert, le pays des Negres",07d-01,2026-10-01
96e108b1-43f5-4727-913e-98a582e71832,Preface,03d-01,2026-10-01
96fea87f-879e-47c5-bc6b-cb969301970a,Plat of Washington Township,03d-01,2026-10-01
97c536f1-622a-42b5-ad17-5d4588257932,Map of Union Township,03d-01,2026-10-01
97d906b2-98fb-4c28-9767-d96915d153db,Plan of Detroit.,06d-01,2026-10-01
97fb9bf1-c9af-4a43-8635-30aeb0051834,"Atlas and Township Plats of O'Brien County, Iowa, 1934",03d-01,2026-10-01
980db58f-a100-45d4-9c4b-bf1d49bd9b15,Township map of Michigan from the latest authorities.,06d-01,2026-10-01
981976cb-09b9-422f-81ef-c8f126776bf1,Topographical map of Buchanan County Iowa,03d-01,2026-10-01
984bb27a-9c41-4c21-9fe3-ff9ee40913b2,The seat of war in the circle of Westphalia.,06d-01,2026-10-01
98dde104-adde-4c1c-be8b-3c263f085eb3,Plat of Prairie Creek Township,03d-01,2026-10-01
98e0cbc5-2edf-476d-ad4e-e180236d1776,Map of the states of Michigan and Wisconsin,06d-01,2026-10-01
998b2fca-5b38-4e19-8aaf-8bbfe4f46a25,"Standard Historical Atlas of Mitchell County, Iowa, 1911",03d-01,2026-10-01
9a5118dc-dc23-40d1-80b5-49608959bba5,"County Atlas of Appanoose County, Iowa, 1908",03d-01,2026-10-01
9a7216f0-858f-4384-8ccd-4c709ccee0a5,"Atlas and plat book of Poweshiek County, Iowa, 1914",03d-01,2026-10-01
9a7289ac-ea14-4cc0-9ba0-ea73887560c6,"Atlas of Poweshiek County, Iowa, 1928",03d-01,2026-10-01
9b2455a9-6af3-4eda-95b4-78d064a2a94a,Map of Kennebec Township,03d-01,2026-10-01
9b61b96d-697f-4e15-9969-27e4eab0ad67,"Plat book of Guthrie County, Iowa",03d-01,2026-10-01
9ba31e91-fe68-4105-a3a7-2e2873014247,"Etats-Unis de l'Amérique Septentrionale avec les isles Royale, de Terre Neuve, de St. Jean, l'Acadie & c.",06d-01,2026-10-01
9ba3671a-fb62-4903-9fe1-bf210452f851,Map of Pleasant Township,03d-01,2026-10-01
9ba4283b-8ed0-499a-82b4-7d16c3a2b310,"Map of land in the eighth ward of the city of Brooklyn belonging to the heirs of Leffert Bergen dec / Ludlam & Stuchfielde, city surveyors.",06d-01,2026-10-01
9c09cf37-4f31-4f89-9e9e-beb12d937847,Farley,03d-01,2026-10-01
9c6984a2-6acb-4019-b0dd-92477246d425,Map of Richland Township,03d-01,2026-10-01
9c6f8600-a098-46a7-9296-d7ede83fd9de,Plat of Mason Township,03d-01,2026-10-01
9cbd8329-5d59-45e2-844c-9ada84674908,Topographical map of Jasper County Iowa,03d-01,2026-10-01
9cccbd03-9f6c-4314-a53f-0f9abc2f52f8,"Atlas of Audubon County, Iowa, 1921",03d-01,2026-10-01
9d2fd396-c154-4466-aeb7-014133c16480,Part of the city of Ottumwa and environs Section 26,03d-01,2026-10-01
9d5e7b7b-84c6-488e-9027-b0166f9fd3ab,"Atlas of Pocahontas County, Iowa, 1918",03d-01,2026-10-01
9e16ac48-9978-446b-92cf-c321114958e7,Map of Lincoln Township,03d-01,2026-10-01
9e72e3b1-ecf6-4392-a8a4-8cab8b5507aa,"Plat Book of Benton County, Iowa, 1885",03d-01,2026-10-01
9eceb733-b70d-4768-893b-7b06370c2d1e,"Atlas and Farm Directory with Complete Survey in Township Plats of Plymouth County, Iowa, 1914",03d-01,2026-10-01
9ed3e26f-260c-45a2-97d8-fc447a6282e8,"Outline Map of Mills County, Iowa",03d-01,2026-10-01
9f53c735-a2d0-4f8b-9664-dd33c46d937f,Topographical map of Sac County Iowa,03d-01,2026-10-01
9f794817-f8e6-4bc8-b79c-fcaa621b6b2a,Map of Clear Creek Township,03d-01,2026-10-01
ANT-NAV-MS2011-003,Ross Island Trail System: Antarctica,05d-06,2026-10-01
ANT-NAV-MT0501-001,Alexander Island to Square Bay Including Marguerite Bay: Antarctica,05d-06,2026-10-01
ANT-NAV-MT0501-002,Argentine Islands to Dallmann Bay: Antarctica,05d-06,2026-10-01
ANT-NAV-MT0501-003,Cape Adare to Porpoise Bay: Antarctica,05d-06,2026-10-01
ANT-NAV-MT0501-005,Cape Colbeck to Cape Herlacher: Antarctica,05d-06,2026-10-01
ANT-NAV-MT0501-006,Cape Herlacher to Matha Strait: Antarctica,05d-06,2026-10-01
ANT-NAV-MT0501-007,Cape Royds to Hut Point: Antarctica,05d-06,2026-10-01
ANT-NAV-MT0501-008,Corry Island to Robertson Island: Antarctica,05d-06,2026-10-01
ANT-NAV-MT0501-009,Dallmann Island to Deception Bay: Antarctica,05d-06,2026-10-01
ANT-NAV-MT0501-010,Deception Island to King George Island: Antarctica,05d-06,2026-10-01
ANT-NAV-MT0501-013,King George Island to Clarence Island: Antarctica,05d-06,2026-10-01
ANT-NAV-MT0501-014,King George Island to Corry Island: Antarctica,05d-06,2026-10-01
ANT-NAV-MT0501-015,Matha Strait to Argentine Islands: Antarctica,05d-06,2026-10-01
ANT-NAV-MT0501-016,McMurdo Station and Vicinity: Antarctica,05d-06,2026-10-01
ANT-NAV-MT0501-017,New Harbor and Marble Point Vicinity: Antarctica,05d-06,2026-10-01
ANT-NAV-MT0501-019,Ross Sea: Antarctica,05d-06,2026-10-01
ANT-NAV-MT0501-020,Square Bay to Matha Strait Including Adelaide Island: Antarctica,05d-06,2026-10-01
ANT-NAV-MT0501-021,Thwaites Ice Tongue to Thurston Island: Antarctica,05d-06,2026-10-01
ANT-NAV-MT0501-022,Vicinity of Arthur Harbor: Antarctica,05d-06,2026-10-01
ANT-NAV-MT0501-023,Weddell Sea: Antarctica,05d-06,2026-10-01
ANT-NAV-MT0501-024,Flandres Bay and Approaches: Antarctica,05d-06,2026-10-01
ANT-NAV-MT0501-025,Thwaites Ice Tongue to Thurston Island: Antarctica,05d-06,2026-10-01
ANT-NAV-MT2601-002,Cape Royds to Hut Point: Antarctica,05d-06,2026-10-01
ANT-NAV-MT2601-003,Cape Royds to Lewis Point including Beaufort Island: Antarctica,05d-06,2026-10-01
ANT-NAV-MT2601-004,Downshire Cliffs to Tucker Inlet: Antarctica,05d-06,2026-10-01
ANT-NAV-MT2601-005,Drygalski Ice Tongue to Harbord Glacier Tongue: Antarctica,05d-06,2026-10-01
ANT-NAV-MT2601-007,Gerlache Strait: Antarctica,05d-06,2026-10-01
ANT-NAV-MT2601-010,Litlle America V to Sulzberger Bay: Antarctica,05d-06,2026-10-01
ANT-NAV-MT2601-011,Robertson Bay: Antarctica,05d-06,2026-10-01
ANT-NAV-MT2601-012,SANAE Station: Antarctica,05d-06,2026-10-01
ANT-NAV-MT2601-014,Terra Nova Bay to Drygalski Ice Tongue: Antarctica,05d-06,2026-10-01
ANT-NAV-MT2601-015,Tucker Inlet to Coulman Island: Antarctica,05d-06,2026-10-01
ANT-NAV-MT2601-016,Windmill Islands: Sheet 1: Antarctica,05d-06,2026-10-01
ANT-NAV-MT2601-017,Windmill Islands Sheet 3: Antarctica,05d-06,2026-10-01
ANT-NAV-MT2601-018,Wood Bay to Terra Nova Bay: Antarctica,05d-06,2026-10-01
ANT-NAV-OS2011-004,McMurdo Station Sea Ice Routes 2014-15: Antarctica,05d-06,2026-10-01
ANT-NAV-OT2017-001,Map 11: Amundsen Sea (Edition 1): Antarctica,05d-06,2026-10-01
ANT-NAV-OT2017-002,Map 12: Ellsworth Mountains (Edition 1): Antarctica,05d-06,2026-10-01
ANT-NAV-OT2017-003,Map 13: Marie Byrd Land (Edition 1): Antarctica,05d-06,2026-10-01
ANT-NAV-OT2017-006,Map 16: Victoria Land (Edition 1): Antarctica,05d-06,2026-10-01
ANT-NAV-OT2017-007,Map 11: Amundsen Sea (Edition 2): Antarctica,05d-06,2026-10-01
ANT-NAV-OT2017-008,Map 12: Ellsworth Mountains (Edition 2): Antarctica,05d-06,2026-10-01
ANT-NAV-OT2017-009,Map 13: Marie Byrd Land (Edition 2): Antarctica,05d-06,2026-10-01
ANT-NAV-OT2017-012,Map 16: Victoria Land (Edition 2): Antarctica,05d-06,2026-10-01
ANT-PLN-MS2002-003,"T-902 Field Planning 2012: Blue Glacier, Southern Dry Valleys: Antarctica",05d-06,2026-10-01
ANT-REF-ES2004-001,McMurdo Dry Valleys ASMA No. 2: Antarctica,05d-06,2026-10-01
ANT-REF-ET1106-009,Southwest Anvers Island and Palmer Basin: ASMA No. 7: Antarctica,05d-06,2026-10-01
ANT-REF-GT1901-001,Geology of Beacon Heights: Antarctica,05d-06,2026-10-01
ANT-REF-GT2501-001,Coastal-Change and Glaciological Map of the Bakutis Coast: Antarctica,05d-06,2026-10-01
ANT-REF-GT2501-002,Coastal-Change and Glaciological Map of the Bakutis Coast: Antarctica,05d-06,2026-10-01
ANT-REF-GT2501-003,Coastal-Change and Glaciological Map of the Eights Coast Area: Antarctica,05d-06,2026-10-01
ANT-REF-GT2501-004,Coastal-Change and Glaciological Map of the Ronne Ice Shelf Area: Antarctica,05d-06,2026-10-01
ANT-REF-GT2501-005,Coastal-Change and Glaciological Map of the Saunders Coast Area: Antarctica,05d-06,2026-10-01
ANT-REF-GT2501-006,Coastal-Change and Glaciological Map of the Trinity Peninsula Area and South Shetland Islands: Antarctica,05d-06,2026-10-01
ANT-REF-GT2507-001,Alexandra Mountains: Antarctica,05d-06,2026-10-01
ANT-REF-GT2507-002,Boyd Glacier: Antarctica,05d-06,2026-10-01
ANT-REF-GT2507-003,Buckley Island: Antarctica,05d-06,2026-10-01
ANT-REF-GT2507-004,Davis Valley and part of Cordiner Peaks: Antarctica,05d-06,2026-10-01
ANT-REF-GT2507-005,Guest Peninsula: Antarctica,05d-06,2026-10-01
ANT-REF-GT2507-006,Gutenko Nunataks: Antarctica,05d-06,2026-10-01
ANT-REF-GT2507-007,Mount Rabot: Antarctica,05d-06,2026-10-01
ANT-REF-GT2507-008,Mount Blackburn: Antarctica,05d-06,2026-10-01
ANT-REF-GT2507-009,Mount Elizabeth and Mount Kathleen: Antarctica,05d-06,2026-10-01
ANT-REF-GT2507-010,Ohio Range: Antarctica,05d-06,2026-10-01
ANT-REF-GT2507-011,Plunket Point: Antarctica,05d-06,2026-10-01
ANT-REF-GT2507-012,Saratoga Table: Antarctica,05d-06,2026-10-01
ANT-REF-GT2507-013,Schmidt Hills and part of Gambacorta Peak: Antarctica,05d-06,2026-10-01
ANT-REF-GT2507-014,Welcome Mountain: Antarctica,05d-06,2026-10-01
ANT-REF-MK2508-001,Bakutis Coast - Marie Byrd Land: Antarctica,05d-06,2026-10-01
ANT-REF-MK2508-002,Bryan Coast - Ellsworth Land: Antarctica,05d-06,2026-10-01
ANT-REF-MK2508-003,Ellsworth Land - Palmer Land: Antarctica,05d-06,2026-10-01
ANT-REF-MK2508-004,Hobbs Coast - Marie Byrd Land: Antarctica,05d-06,2026-10-01
ANT-REF-MK2508-005,Northern Victoria Land: Antarctica,05d-06,2026-10-01
ANT-REF-MK2508-006,Palmer Land North: Antarctica,05d-06,2026-10-01
ANT-REF-MK2508-007,Ross Ice Shelf: Antarctica,05d-06,2026-10-01
ANT-REF-MK2508-008,Saunders Coast - Marie Byrd Land: Antarctica,05d-06,2026-10-01
ANT-REF-MK2508-009,Thurston Island - Jones Mountains: Antarctica,05d-06,2026-10-01
ANT-REF-ML2506-001,Deep Freeze Range: Antarctica,05d-06,2026-10-01
ANT-REF-ML2506-002,Knox Coast: Antarctica,05d-06,2026-10-01
ANT-REF-ML2506-003,McMurdo Sound: Antarctica,05d-06,2026-10-01
ANT-REF-MP2015-001,Antarctica,05d-06,2026-10-01
ANT-REF-MS2011-001,Ross Island with Beaufort Island & Franklin Island: Antarctica,05d-06,2026-10-01
ANT-REF-MS2509-001,Airdevronsix Icefalls: Antarctica,05d-06,2026-10-01
ANT-REF-MS2509-003,Cape Crozier: Antarctica,05d-06,2026-10-01
ANT-REF-MS2509-004,Convoy Range: Antarctica,05d-06,2026-10-01
ANT-REF-MS2509-005,Dais: Antarctica,05d-06,2026-10-01
ANT-REF-MS2509-006,Darwin Glacier: Antarctica,05d-06,2026-10-01
ANT-REF-MS2509-007,Darwin Mountains: Antarctica,05d-06,2026-10-01
ANT-REF-MS2509-008,Denton Glacier: Antarctica,05d-06,2026-10-01
ANT-REF-MS2509-010,Hut Point Peninsula: Antarctica,05d-06,2026-10-01
ANT-REF-MS2509-011,Lake Fryxell: Antarctica,05d-06,2026-10-01
ANT-REF-MS2509-012,Marble Point: Antarctica,05d-06,2026-10-01
ANT-REF-MS2509-013,Matterhorn: Antarctica,05d-06,2026-10-01
ANT-REF-MS2509-014,McMurdo Dry Valleys: Antarctica,05d-06,2026-10-01
ANT-REF-MS2509-016,Mount Bird: Antarctica,05d-06,2026-10-01
ANT-REF-MS2509-017,Mount Discovery: Antarctica,05d-06,2026-10-01
ANT-REF-MS2509-018,Mount Erebus: Antarctica,05d-06,2026-10-01
ANT-REF-MS2509-019,Mount Harmsworth: Antarctica,05d-06,2026-10-01
ANT-REF-MS2509-020,Mount Joyce: Antarctica,05d-06,2026-10-01
ANT-REF-MS2509-023,Ross Island and McMurdo Sound: Antarctica,05d-06,2026-10-01
ANT-REF-MS2509-024,Ross Island: Antarctica,05d-06,2026-10-01
ANT-REF-MS2509-028,Skelton Névé: Antarctica,05d-06,2026-10-01
ANT-REF-MS2509-031,ST5-8/9: Antarctica,05d-06,2026-10-01
ANT-REF-MS2509-032,ST5-8/10: Antarctica,05d-06,2026-10-01
ANT-REF-MS2509-033,ST5-8/11: Antarctica,05d-06,2026-10-01
ANT-REF-MS2509-034,ST5-8/13: Antarctica,05d-06,2026-10-01
ANT-REF-MS2509-035,ST5-8/14: Antarctica,05d-06,2026-10-01
ANT-REF-MS2509-036,ST5-8/15: Antarctica,05d-06,2026-10-01
ANT-REF-MS2509-037,ST5-8/16: Antarctica,05d-06,2026-10-01
ANT-REF-MS2509-038,SU1-5/4: Antarctica,05d-06,2026-10-01
ANT-REF-MS2509-039,SU 6-10/1: Antarctica,05d-06,2026-10-01
ANT-REF-MS2509-040,SU 6-10/2: Antarctica,05d-06,2026-10-01
ANT-REF-MS2509-041,SU 6-10/3: Antarctica,05d-06,2026-10-01
ANT-REF-MS2509-042,SU 6-10/4: Antarctica,05d-06,2026-10-01
ANT-REF-MS2509-043,SU 6-10/5-9: Antarctica,05d-06,2026-10-01
ANT-REF-MS2509-044,SU 6-10/7-11: Antarctica,05d-06,2026-10-01
ANT-REF-MS2509-045,Taylor Glacier: Antarctica,05d-06,2026-10-01
ANT-REF-MS2509-047,Turnstile Ridge: Antarctica,05d-06,2026-10-01
ANT-REF-MS2509-050,Victoria Valley: Antarctica,05d-06,2026-10-01
ANT-REF-MS2509-050-a,SU 6-10/6-10: Antarctica,05d-06,2026-10-01
ANT-REF-MS2509-051,Mount Kowalczyk: Antarctica,05d-06,2026-10-01
ANT-REF-MS2509-052,Mount Bastion: Antarctica,05d-06,2026-10-01
ANT-REF-MT2502-001,Beacon Valley: Antarctica,05d-06,2026-10-01
ANT-REF-MT2502-002,Cape Chocolate: Antarctica,05d-06,2026-10-01
ANT-REF-MT2502-003,Cathedral Rocks: Antarctica,05d-06,2026-10-01
ANT-REF-MT2502-004,Granite Knolls: Antarctica,05d-06,2026-10-01
ANT-REF-MT2502-005,Joyce Glacier: Antarctica,05d-06,2026-10-01
ANT-REF-MT2502-006,Knobhead: Antarctica,05d-06,2026-10-01
ANT-REF-MT2502-007,Labyrinth: Antarctica,05d-06,2026-10-01
ANT-REF-MT2502-008,Lake Bonney: Antarctica,05d-06,2026-10-01
ANT-REF-MT2502-009,Lake Brownworth: Antarctica,05d-06,2026-10-01
ANT-REF-MT2502-010,Lake Fryxell: Antarctica,05d-06,2026-10-01
ANT-REF-MT2502-011,Lake Vanda: Antarctica,05d-06,2026-10-01
ANT-REF-MT2502-012,Marble Point: Antarctica,05d-06,2026-10-01
ANT-REF-MT2502-013,Marshall Valley: Antarctica,05d-06,2026-10-01
ANT-REF-MT2502-014,Mount Huggins: Antarctica,05d-06,2026-10-01
ANT-REF-MT2502-015,Mount Lister: Antarctica,05d-06,2026-10-01
ANT-REF-MT2502-016,The Pyramid: Antarctica,05d-06,2026-10-01
ANT-REF-MT2502-017,The Spire: Antarctica,05d-06,2026-10-01
ANT-REF-MT2502-018,Twin Rocks: Antarctica,05d-06,2026-10-01
ANT-REF-MT2502-019,Victoria Upper Lake: Antarctica,05d-06,2026-10-01
ANT-REF-MT2502-020,Webb Lake: Antarctica,05d-06,2026-10-01
ANT-REF-MT2502-021,Alanta Valley: Antarctica,05d-06,2026-10-01
ANT-REF-MT2502-022,Cambridge Glacier: Antarctica,05d-06,2026-10-01
ANT-REF-MT2502-023,Cape Roberts: Antarctica,05d-06,2026-10-01
ANT-REF-MT2502-024,Debenham Glacier: Antarctica,05d-06,2026-10-01
ANT-REF-MT2502-025,Flagship Mountain: Antarctica,05d-06,2026-10-01
ANT-REF-MT2502-026,Mount Endeavour: Antarctica,05d-06,2026-10-01
ANT-REF-MT2502-027,Mount Mahony: Antarctica,05d-06,2026-10-01
ANT-REF-MT2502-028,Mount Whitcombe: Antarctica,05d-06,2026-10-01
ANT-REF-MT2502-029,Skew Peak: Antarctica,05d-06,2026-10-01
ANT-REF-MT2502-030,Wyandot Ridge: Antarctica,05d-06,2026-10-01
ANT-REF-MT2503-001,Alexandra Mountains: Antarctica,05d-06,2026-10-01
ANT-REF-MT2503-002,Argentina Range: Antarctica,05d-06,2026-10-01
ANT-REF-MT2503-003,Bear Peninsula: Antarctica,05d-06,2026-10-01
ANT-REF-MT2503-004,Beethoven Peninsula: Antarctica,05d-06,2026-10-01
ANT-REF-MT2503-005,Blackburn Nunatak: Antarctica,05d-06,2026-10-01
ANT-REF-MT2503-006,Boyd Glacier: Antarctica,05d-06,2026-10-01
ANT-REF-MT2503-007,Buckley Island: Antarctica,05d-06,2026-10-01
ANT-REF-MT2503-008,Caloplaca Hills: Antarctica,05d-06,2026-10-01
ANT-REF-MT2503-009,Cape Adare: Antarctica,05d-06,2026-10-01
ANT-REF-MT2503-011,Cape Hallett: Antarctica,05d-06,2026-10-01
ANT-REF-MT2503-019,Daniels Range: Antarctica,05d-06,2026-10-01
ANT-REF-MT2503-020,Davis Valley: Antarctica,05d-06,2026-10-01
ANT-REF-MT2503-021,Dean Island: Antarctica,05d-06,2026-10-01
ANT-REF-MT2503-022,Ebbe Glacier: Antarctica,05d-06,2026-10-01
ANT-REF-MT2503-023,Franklin Island: Antarctica,05d-06,2026-10-01
ANT-REF-MT2503-024,Freyberg Mountains: Antarctica,05d-06,2026-10-01
ANT-REF-MT2503-025,Gambacorta Peak: Antarctica,05d-06,2026-10-01
ANT-REF-MT2503-026,Geologists Range: Antarctica,05d-06,2026-10-01
ANT-REF-MT2503-027,Grant Island: Antarctica,05d-06,2026-10-01
ANT-REF-MT2503-028,Guest Peninsula: Antarctica,05d-06,2026-10-01
ANT-REF-MT2503-029,Gutenko Nunataks: Antarctica,05d-06,2026-10-01
ANT-REF-MT2503-030,Havola Escarpment: Antarctica,05d-06,2026-10-01
ANT-REF-MT2503-031,Holland Range: Antarctica,05d-06,2026-10-01
ANT-REF-MT2503-032,Hull Glacier: Antarctica,05d-06,2026-10-01
ANT-REF-MT2503-033,Leverett Glacier: Antarctica,05d-06,2026-10-01
ANT-REF-MT2503-034,Liberty Hills: Antarctica,05d-06,2026-10-01
ANT-REF-MT2503-035,Liv Glacier: Antarctica,05d-06,2026-10-01
ANT-REF-MT2503-036,Long Hills: Antarctica,05d-06,2026-10-01
ANT-REF-MT2503-037,Lyon Nunataks: Antarctica,05d-06,2026-10-01
ANT-REF-MT2503-038,Martin Peninsula: Antarctica,05d-06,2026-10-01
ANT-REF-MT2503-039,McCuddin Mountains: Antarctica,05d-06,2026-10-01
ANT-REF-MT2503-040,Moulton Escarpment: Antarctica,05d-06,2026-10-01
ANT-REF-MT2503-041,Mount Berlin: Antarctica,05d-06,2026-10-01
ANT-REF-MT2503-042,Mount Blackburn: Antarctica,05d-06,2026-10-01
ANT-REF-MT2503-043,Mount Discovery: Antarctica,05d-06,2026-10-01
ANT-REF-MT2503-044,Mount Discovery: Antarctica,05d-06,2026-10-01
ANT-REF-MT2503-045,Mount Elizabeth: Antarctica,05d-06,2026-10-01
ANT-REF-MT2503-046,Mount Galla: Antarctica,05d-06,2026-10-01
ANT-REF-MT2503-047,Mount Goodale: Antarctica,05d-06,2026-10-01
ANT-REF-MT2503-048,Mount Hampton: Antarctica,05d-06,2026-10-01
ANT-REF-MT2503-049,Mount Harmsworth: Antarctica,05d-06,2026-10-01
ANT-REF-MT2503-050,Mount Joyce: Antarctica,05d-06,2026-10-01
ANT-REF-MT2503-051,Mount Kathleen: Antarctica,05d-06,2026-10-01
ANT-REF-MT2503-052,Mount Kosciusko: Antarctica,05d-06,2026-10-01
ANT-REF-MT2503-053,Mount McCoy: Antarctica,05d-06,2026-10-01
ANT-REF-MT2503-054,Mount Melbourne: Antarctica,05d-06,2026-10-01
ANT-REF-MT2503-055,Mount Murchison: Antarctica,05d-06,2026-10-01
ANT-REF-MT2503-056,Mount Murphy: Antarctica,05d-06,2026-10-01
ANT-REF-MT2503-057,Mount Nares: Antarctica,05d-06,2026-10-01
ANT-REF-MT2503-058,Mount Olympus: Antarctica,05d-06,2026-10-01
ANT-REF-MT2503-059,Mount Rabot: Antarctica,05d-06,2026-10-01
ANT-REF-MT2503-060,Mount Sidley: Antarctica,05d-06,2026-10-01
ANT-REF-MT2503-061,Mount Soza: Antarctica,05d-06,2026-10-01
ANT-REF-MT2503-062,Mount Takahe: Antarctica,05d-06,2026-10-01
ANT-REF-MT2503-063,Mount Wisting: Antarctica,05d-06,2026-10-01
ANT-REF-MT2503-064,Newcomer Glacier: Antarctica,05d-06,2026-10-01
ANT-REF-MT2503-065,Nilsen Plateau: Antarctica,05d-06,2026-10-01
ANT-REF-MT2503-066,Nimrod Glacier: Antarctica,05d-06,2026-10-01
ANT-REF-MT2503-067,Ob' Bay: Antarctica,05d-06,2026-10-01
ANT-REF-MT2503-068,Ohio Range: Antarctica,05d-06,2026-10-01
ANT-REF-MT2503-069,Pagano Nunatak: Antarctica,05d-06,2026-10-01
ANT-REF-MT2503-070,Pecora Escarpment: Antarctica,05d-06,2026-10-01
ANT-REF-MT2503-071,Plunket Point: Antarctica,05d-06,2026-10-01
ANT-REF-MT2503-072,Pomerantz Tableland: Antarctica,05d-06,2026-10-01
ANT-REF-MT2503-073,Reeves Névé: Antarctica,05d-06,2026-10-01
ANT-REF-MT2503-074,Relief Inlet: Antarctica,05d-06,2026-10-01
ANT-REF-MT2503-075,Ross Island and Vicinity: Antarctica,05d-06,2026-10-01
ANT-REF-MT2503-076,Ross Island: Antarctica,05d-06,2026-10-01
ANT-REF-MT2503-077,Saratoga Table: Antarctica,05d-06,2026-10-01
ANT-REF-MT2503-078,Schmidt Hills: Antarctica,05d-06,2026-10-01
ANT-REF-MT2503-079,Sequence Hills: Antarctica,05d-06,2026-10-01
ANT-REF-MT2503-080,Shackleton Glacier: Antarctica,05d-06,2026-10-01
ANT-REF-MT2503-081,Shackleton Range: Antarctica,05d-06,2026-10-01
ANT-REF-MT2503-082,Sky-Hi Nunataks: Antarctica,05d-06,2026-10-01
ANT-REF-MT2503-083,Stewart Hills: Antarctica,05d-06,2026-10-01
ANT-REF-MT2503-084,Taylor Glacier: Antarctica,05d-06,2026-10-01
ANT-REF-MT2503-085,Suvorov Glacier: Antarctica,05d-06,2026-10-01
ANT-REF-MT2503-086,The Cloudmaker: Antarctica,05d-06,2026-10-01
ANT-REF-MT2503-087,Thiel Mountains: Antarctica,05d-06,2026-10-01
ANT-REF-MT2503-088,Jones Mountains: Antarctica,05d-06,2026-10-01
ANT-REF-MT2503-089,Thomas Hills: Antarctica,05d-06,2026-10-01
ANT-REF-MT2503-090,Toney Mountain: Antarctica,05d-06,2026-10-01
ANT-REF-MT2503-091,Turnstile Ridge: Antarctica,05d-06,2026-10-01
ANT-REF-MT2503-092,Union Glacier: Antarctica,05d-06,2026-10-01
ANT-REF-MT2503-093,Vinson Massif: Antarctica,05d-06,2026-10-01
ANT-REF-MT2503-094,Welcome Mountain: Antarctica,05d-06,2026-10-01
ANT-REF-MT2503-095,Wilhoite Nunataks: Antarctica,05d-06,2026-10-01
ANT-REF-MT2503-096,Wisconsin Range: Antarctica,05d-06,2026-10-01
ANT-REF-MT2503-097,Yule Bay: Antarctica,05d-06,2026-10-01
ANT-REF-MT2505-001,E1-66-8: Antarctica,05d-06,2026-10-01
ANT-REF-MT2505-002,E1-66-12: Antarctica,05d-06,2026-10-01
ANT-REF-MT2505-003,E2-64-9: Antarctica,05d-06,2026-10-01
ANT-REF-MT2505-004,E2-64-10: Antarctica,05d-06,2026-10-01
ANT-REF-MT2505-005,E2-64-11: Antarctica,05d-06,2026-10-01
ANT-REF-MT2505-006,E2-66-7: Antarctica,05d-06,2026-10-01
ANT-REF-MT2505-007,E2-66-8: Antarctica,05d-06,2026-10-01
ANT-REF-MT2505-008,E2-66-9: Antarctica,05d-06,2026-10-01
ANT-REF-MT2505-009,E2-66-10: Antarctica,05d-06,2026-10-01
ANT-REF-MT2505-010,E2-66-11: Antarctica,05d-06,2026-10-01
ANT-REF-MT2505-011,E2-66-12: Antarctica,05d-06,2026-10-01
ANT-SUM-OP3801-001,Antarctic Exploration and Claims: As of 1 February 1956: Antarctica,05d-06,2026-10-01
GRL-REF-MT0503-001,Academy Gletscher: Greenland,05d-06,2026-10-01
GRL-REF-MT0503-002,Angmagssalik: Greenland,05d-06,2026-10-01
GRL-REF-MT0503-003,Bernstorffs Isfjord: Greenland,05d-06,2026-10-01
GRL-REF-MT0503-004,Blaaso: Greenland,05d-06,2026-10-01
GRL-REF-MT0503-005,Budolfi Isstrom: Greenland,05d-06,2026-10-01
GRL-REF-MT0503-006,Camp Lloyd: Greenland,05d-06,2026-10-01
GRL-REF-MT0503-007,Danmark O: Greenland,05d-06,2026-10-01
GRL-REF-MT0503-008,Danmarks Havn: Greenland,05d-06,2026-10-01
GRL-REF-MT0503-009,Dannebrogso: Greenland,05d-06,2026-10-01
GRL-REF-MT0503-010,Daugaard-Jensen Gletscher: Greenland,05d-06,2026-10-01
GRL-REF-MT0503-011,D'Aunay Bugt: Greenland,05d-06,2026-10-01
GRL-REF-MT0503-012,Eskimon Aes: Greenland,05d-06,2026-10-01
GRL-REF-MT0503-013,Etah: Greenland,05d-06,2026-10-01
GRL-REF-MT0503-014,Fisken Aesset: Greenland,05d-06,2026-10-01
GRL-REF-MT0503-015,Fossil Bjerg: Greenland,05d-06,2026-10-01
GRL-REF-MT0503-016,Franklin O: Greenland,05d-06,2026-10-01
GRL-REF-MT0503-017,Frederick E Hyde Fjord: Greenland,05d-06,2026-10-01
GRL-REF-MT0503-018,Fysn So: Greenland,05d-06,2026-10-01
GRL-REF-MT0503-019,Godthaab: Greenland,05d-06,2026-10-01
GRL-REF-MT0503-020,Gronlands Styrelse Gletscher: Greenland,05d-06,2026-10-01
GRL-REF-MT0503-021,Gurreholm Station: Greenland,05d-06,2026-10-01
GRL-REF-MT0503-022,Gyldenloves Fjord: Greenland,05d-06,2026-10-01
GRL-REF-MT0503-023,Hans Tausens Iskappe: Greenland,05d-06,2026-10-01
GRL-REF-MT0503-024,Herschellhus: Greenland,05d-06,2026-10-01
GRL-REF-MT0503-025,Hobbs Gletscher: Greenland,05d-06,2026-10-01
GRL-REF-MT0503-026,Holsteinborg: Greenland,05d-06,2026-10-01
GRL-REF-MT0503-027,Humboldt Gletscher: Greenland,05d-06,2026-10-01
GRL-REF-MT0503-028,Hvidbjorns Nunatakker: Greenland,05d-06,2026-10-01
GRL-REF-MT0503-029,Igaliko: Greenland,05d-06,2026-10-01
GRL-REF-MT0503-030,Inglefield Bredning: Greenland,05d-06,2026-10-01
GRL-REF-MT0503-031,Isortoq: Greenland,05d-06,2026-10-01
GRL-REF-MT0503-032,Isuitsoq: Greenland,05d-06,2026-10-01
GRL-REF-MT0503-033,Ivigtut: Greenland,05d-06,2026-10-01
GRL-REF-MT0503-034,Jakobshavn: Greenland,05d-06,2026-10-01
GRL-REF-MT0503-035,Jernpynten: Greenland,05d-06,2026-10-01
GRL-REF-MT0503-036,Jorgen Bronlunds Fjord: Greenland,05d-06,2026-10-01
GRL-REF-MT0503-037,Julianehaab: Greenland,05d-06,2026-10-01
GRL-REF-MT0503-038,Jyske Aas: Greenland,05d-06,2026-10-01
GRL-REF-MT0503-039,Kangerdlugssuaq: Greenland,05d-06,2026-10-01
GRL-REF-MT0503-040,Kap Agassiz: Greenland,05d-06,2026-10-01
GRL-REF-MT0503-041,Kap Dalton: Greenland,05d-06,2026-10-01
GRL-REF-MT0503-042,Kap Eiler Rasmussen: Greenland,05d-06,2026-10-01
GRL-REF-MT0503-043,Kap Farvel: Greenland,05d-06,2026-10-01
GRL-REF-MT0503-044,Kap Garde: Greenland,05d-06,2026-10-01
GRL-REF-MT0503-045,Kap Grivel: Greenland,05d-06,2026-10-01
GRL-REF-MT0503-046,Kap Gustav Rasmussen: Greenland,05d-06,2026-10-01
GRL-REF-MT0503-047,Kap Melville: Greenland,05d-06,2026-10-01
GRL-REF-MT0503-048,Kap Russell: Greenland,05d-06,2026-10-01
GRL-REF-MT0503-049,Kap Tordenskjold: Greenland,05d-06,2026-10-01
GRL-REF-MT0503-050,Kap Weber: Greenland,05d-06,2026-10-01
GRL-REF-MT0503-051,Kap York: Greenland,05d-06,2026-10-01
GRL-REF-MT0503-052,Kistefjeld: Greenland,05d-06,2026-10-01
GRL-REF-MT0503-053,Kjv Steenstrups Sondre Brae: Greenland,05d-06,2026-10-01
GRL-REF-MT0503-054,Kong Oscars Fjord: Greenland,05d-06,2026-10-01
GRL-REF-MT0503-055,Kong Wilhelms Land: Greenland,05d-06,2026-10-01
GRL-REF-MT0503-056,Kraulshavn: Greenland,05d-06,2026-10-01
GRL-REF-MT0503-057,Kaunit: Greenland,05d-06,2026-10-01
GRL-REF-MT0503-058,Lady Franklin Bay: Greenland,05d-06,2026-10-01
GRL-REF-MT0503-059,Lamberts Land: Greenland,05d-06,2026-10-01
GRL-REF-MT0503-060,Lockwood O: Greenland,05d-06,2026-10-01
GRL-REF-MT0503-061,Mallemukfjeldet: Greenland,05d-06,2026-10-01
GRL-REF-MT0503-062,Micardbu: Greenland,05d-06,2026-10-01
GRL-REF-MT0503-063,Moltkes Nunatak: Greenland,05d-06,2026-10-01
GRL-REF-MT0503-064,Myggbukta: Greenland,05d-06,2026-10-01
GRL-REF-MT0503-065,Nanok: Greenland,05d-06,2026-10-01
GRL-REF-MT0503-066,Narsarssuaq: Greenland,05d-06,2026-10-01
GRL-REF-MT0503-067,Nordostrundingen: Greenland,05d-06,2026-10-01
GRL-REF-MT0503-068,Nuggsuaq: Greenland,05d-06,2026-10-01
GRL-REF-MT0503-069,Nunatakken: Greenland,05d-06,2026-10-01
GRL-REF-MT0503-070,Petermanns Gletscher: Greenland,05d-06,2026-10-01
GRL-REF-MT0503-071,Polaris Forbjerg: Greenland,05d-06,2026-10-01
GRL-REF-MT0503-072,Repulse Havn: Greenland,05d-06,2026-10-01
GRL-REF-MT0503-073,Rud O: Greenland,05d-06,2026-10-01
GRL-REF-MT0503-074,Runde Bjerg: Greenland,05d-06,2026-10-01
GRL-REF-MT0503-075,Ryder Gletscher: Greenland,05d-06,2026-10-01
GRL-REF-MT0503-076,Satoq: Greenland,05d-06,2026-10-01
GRL-REF-MT0503-077,Schnauders O: Greenland,05d-06,2026-10-01
GRL-REF-MT0503-078,Schweizerland: Greenland,05d-06,2026-10-01
GRL-REF-MT0503-079,Scoresbysund: Greenland,05d-06,2026-10-01
GRL-REF-MT0503-080,Steenstrups Gletscher: Greenland,05d-06,2026-10-01
GRL-REF-MT0503-081,Sukkertoppen: Greenland,05d-06,2026-10-01
GRL-REF-MT0503-082,Svartenhuk: Greenland,05d-06,2026-10-01
GRL-REF-MT0503-083,Sven Hedin Firn: Greenland,05d-06,2026-10-01
GRL-REF-MT0503-084,Thule: Greenland,05d-06,2026-10-01
GRL-REF-MT0503-085,Umanak: Greenland,05d-06,2026-10-01
GRL-REF-MT0503-086,Upernavik: Greenland,05d-06,2026-10-01
GRL-REF-MT0503-087,Uvkusigssat: Greenland,05d-06,2026-10-01
GRL-REF-MT0503-088,Violingletscher: Greenland,05d-06,2026-10-01
GRL-REF-MT0503-089,Wilkins Nunatakker: Greenland,05d-06,2026-10-01
GRL-REF-MT0503-090,Ymers Nunatakker: Greenland,05d-06,2026-10-01
GRL-REF-MT0504-007,Kong Oscars Fjord: Greenland,05d-06,2026-10-01
GRL-REF-MT0504-009,Nathorsts Land: Greenland,05d-06,2026-10-01
GRL-REF-MT0504-011,Petermanns Bjaerg: Greenland,05d-06,2026-10-01
GRL-REF-MT0504-014,Ymers O: Greenland,05d-06,2026-10-01
GRL-REF-MT0505-001,Akuliarusersuak: Greenland,05d-06,2026-10-01
GRL-REF-MT0505-002,Akuliarusersuak: Greenland,05d-06,2026-10-01
GRL-REF-MT0505-003,Amagak: Greenland,05d-06,2026-10-01
GRL-REF-MT0505-004,Angmagssalik: Greenland,05d-06,2026-10-01
GRL-REF-MT0505-005,Angmagssalik: Greenland,05d-06,2026-10-01
GRL-REF-MT0505-006,Arsuk: Greenland,05d-06,2026-10-01
GRL-REF-MT0505-007,Blossevile Kyst: Greenland,05d-06,2026-10-01
GRL-REF-MT0505-008,Blosseville Coast: Greenland,05d-06,2026-10-01
GRL-REF-MT0505-009,Cape Farewell: Greenland,05d-06,2026-10-01
GRL-REF-MT0505-010,Cape Lovenorn: Greenland,05d-06,2026-10-01
GRL-REF-MT0505-011,Christianshaab: Greenland,05d-06,2026-10-01
GRL-REF-MT0505-012,Christianshaab: Greenland,05d-06,2026-10-01
GRL-REF-MT0505-013,Fiskenaesset: Greenland,05d-06,2026-10-01
GRL-REF-MT0505-014,Frederikshaab: Greenland,05d-06,2026-10-01
GRL-REF-MT0505-015,Gaaseland: Greenland,05d-06,2026-10-01
GRL-REF-MT0505-016,Gaaseland: Greenland,05d-06,2026-10-01
GRL-REF-MT0505-017,Godhavn: Greenland,05d-06,2026-10-01
GRL-REF-MT0505-018,Holsteinsborg: Greenland,05d-06,2026-10-01
GRL-REF-MT0505-019,Holsteinsborg: Greenland,05d-06,2026-10-01
GRL-REF-MT0505-020,Julianehaab: Greenland,05d-06,2026-10-01
GRL-REF-MT0505-021,Julianehaab: Greenland,05d-06,2026-10-01
GRL-REF-MT0505-022,Kangerdlugssuaq: Greenland,05d-06,2026-10-01
GRL-REF-MT0505-023,Kangerdlugsuak: Greenland,05d-06,2026-10-01
GRL-REF-MT0505-024,Kap Discord: Greenland,05d-06,2026-10-01
GRL-REF-MT0505-025,Kap Farvel: Greenland,05d-06,2026-10-01
GRL-REF-MT0505-026,Kap Lovehorn: Greenland,05d-06,2026-10-01
GRL-REF-MT0505-027,Kap Normann: Greenland,05d-06,2026-10-01
GRL-REF-MT0505-028,Kialineq: Greenland,05d-06,2026-10-01
GRL-REF-MT0505-029,Milne Land: Greenland,05d-06,2026-10-01
GRL-REF-MT0505-030,Panertok: Greenland,05d-06,2026-10-01
GRL-REF-MT0505-031,Qornoq: Greenland,05d-06,2026-10-01
GRL-REF-MT0505-032,Satut: Greenland,05d-06,2026-10-01
GRL-REF-MT0505-033,Schweizerland: Greenland,05d-06,2026-10-01
GRL-REF-MT0505-034,Scoresby Sund: Greenland,05d-06,2026-10-01
GRL-REF-MT0505-035,Scoresby Sund: Greenland,05d-06,2026-10-01
GRL-REF-MT0505-036,Skjoldungen: Greenland,05d-06,2026-10-01
GRL-REF-MT0505-037,Suess Land: Greenland,05d-06,2026-10-01
GRL-REF-MT0505-038,Suess Land: Greenland,05d-06,2026-10-01
GRL-REF-MT0505-039,Sukkertoppen: Greenland,05d-06,2026-10-01
GRL-REF-MT0505-040,Sukkertoppen: Greenland,05d-06,2026-10-01
GRL-REF-MT0505-041,Traill Island: Greenland,05d-06,2026-10-01
GRL-REF-MT0505-042,Traill O: Greenland,05d-06,2026-10-01
GRL-REF-MT0505-043,Turner Island: Greenland,05d-06,2026-10-01
GRL-REF-MT0505-044,Turner O: Greenland,05d-06,2026-10-01
GRL-REF-MT0505-045,Ubekjendt Island: Greenland,05d-06,2026-10-01
GRL-REF-MT0505-046,Upernavik: Greenland,05d-06,2026-10-01
GRL-REF-MT0505-047,Upernivik: Greenland,05d-06,2026-10-01
UNL~126~126~14453~1516213,Aerials of Little Salt Creek and Salt Creek: Nebraska,13d-02,2026-10-01
UNL~126~126~14454~1516211,Current Wetlands: Nebraska,13d-02,2026-10-01
UNL~126~126~14455~1516209,Little Salt Area: Nebraska,13d-02,2026-10-01
UNL~126~126~14456~1516207,North Lincoln Saline Wetland Properties: Nebraska,13d-02,2026-10-01
UNL~126~126~14457~1516205,Little Salt Creek Protected Areas: Nebraska,13d-02,2026-10-01
UNL~126~126~14458~1516203,Saline Wetland Conservation Properties: Nebraska,13d-02,2026-10-01
UNL~126~126~14459~1516201,Saline Wetland Areas: Nebraska,13d-02,2026-10-01
UNL~126~126~14463~1516193,Blue Heron Marsh Wetland: Nebraska,13d-02,2026-10-01
UNL~126~126~14464~1516191,Little Salt Creek Areas: Nebraska,13d-02,2026-10-01
UNL~126~126~14465~1516189,Marsh Wren: Nebraska,13d-02,2026-10-01
UNL~126~126~14469~1516181,Whitehead Saline Wetland: Nebraska,13d-02,2026-10-01
a00a4e81-4309-4dc8-82c4-988b7c7e122a,Plat of Linton Township,03d-01,2026-10-01
a0120a5b-3fee-4f5d-b86b-695a4b75af26,"Atlas and Farmers' Directory of Winneshiek County, Iowa, 1915",03d-01,2026-10-01
a01df805-49dc-4ab5-98c0-c7c631f03c64,High Lake Township,03d-01,2026-10-01
a08df43d-3676-49aa-80d2-e8e942ac3a18,Sectional map of Iowa,03d-01,2026-10-01
a0a71865-6c2c-49e4-b040-3ec2ae48722b,"Atlas of Washington County, Iowa, 1906",03d-01,2026-10-01
a0a88659-1814-4dbc-8e08-f3f8c1860f37,Michigan 2 [Plate CXXXVII],06d-01,2026-10-01
a0c1f157-6f8d-49e2-b30c-d3823b865500,"Plat book of Adair County, Iowa",03d-01,2026-10-01
a0ca8c05-8667-47a3-991a-24ce4ea5f6d1,Plat of Lake Township,03d-01,2026-10-01
a1108d80-e37e-4497-af18-47362ceac909,"Plat book of Washington County, Iowa",03d-01,2026-10-01
a136f8d4-0d98-45d8-8895-ef063a76fbf4,"Atlas of Page County Iowa, 1920",03d-01,2026-10-01
a18ce44a-b8bf-4104-b43a-74984891acf3,South part of Clear Lake,03d-01,2026-10-01
a1dbfd5d-c54c-407f-89ac-a37f80076d72,Thurman,03d-01,2026-10-01
a1fe3ae3-6fbc-4736-8a11-ffbf424b11bf,Map of Washington Township,03d-01,2026-10-01
a2a66f42-39bd-4b5d-adc5-a7d02a4c4780,Map of Penn Township,03d-01,2026-10-01
a2f08435-a58c-4e29-8c1f-77f46e73c2a3,Plat of Cascade Township,03d-01,2026-10-01
a301652a-9f37-4472-9ae8-5996885177c7,Map of Fairview Township,03d-01,2026-10-01
a335b1ef-4e15-4ab5-bf78-80830f445824,Map of Willow Township,03d-01,2026-10-01
a36931d2-ed01-491e-9f41-0f253ce3f570,Part of the city of Ottumwa and environs east half of section 35; Part of the city of Ottumwa and environs southeast 1/4 section 27,03d-01,2026-10-01
a37c7742-1b56-443d-91ff-c43f1c84f2dd,Rockwell,03d-01,2026-10-01
a3917ed7-9015-44ba-b5ca-3e84d1594826,Topographical map of Polk County Iowa,03d-01,2026-10-01
a3aaf2dd-f0d3-4b3d-93fc-49c91eeb50f5,"Huebinger's map and guide for Iowa official trans-continental route: Iowa division of the national highway New York - San Francisco, 1912",03d-01,2026-10-01
a45da85f-0a27-44e1-8b7f-36bfdd079eb9,Huntington; Gridley; Wallingford; Enlarged Plat of ... High Lake Township,03d-01,2026-10-01
a4701d23-276c-492d-8bde-a53bfe546ea2,"Plat book of Cerro Gordo County, Iowa",03d-01,2026-10-01
a4978a3d-2858-41f9-b1b7-58175a9646b5,"Keokuk, Iowa",03d-01,2026-10-01
a49c405e-46c5-4b38-bafa-85f4073e3033,"Atlas of Osceola County, Iowa, 1935-1941",03d-01,2026-10-01
a4aecaee-07d3-4566-a1ba-73a7a05e9b17,"Souvenir Atlas of Story County, Iowa, 1908",03d-01,2026-10-01
a4c3bdaa-57e9-4f10-9717-7661d262ca39,Topographical map of Dallas County Iowa,03d-01,2026-10-01
a5210cbb-1f2a-4f03-ae5c-b0120c72dfd5,"Atlas of Polk County, Iowa, 1902",03d-01,2026-10-01
a56fcaa1-b66e-44be-86d4-1436d2eb1b91,"Atlas of Sac County, Iowa, 1912",03d-01,2026-10-01
a5ae7fa0-e431-4e72-a455-e9c895676d5e,Map of Penn Township,03d-01,2026-10-01
a5bbfd15-0b47-433e-bb88-773457b9b7cf,Map of Allamakee Co. Iowa,03d-01,2026-10-01
a5ffb34a-dcfc-4b10-9675-a8a244e3dcc2,Map of Iowa City,03d-01,2026-10-01
a65993de-a660-44cb-96dd-6d137c4656b5,"Plat book of Plymouth County, Iowa",03d-01,2026-10-01
a659d1e9-293e-4a6b-bafa-4682c1417354,Topographical map of Hamilton County Iowa,03d-01,2026-10-01
a66d709b-4702-44fa-abfc-9f188aa3a95f,Worthington,03d-01,2026-10-01
a67fd7b2-c255-4bc1-a4fc-c9afa78d2e1a,"Map of Liberia. Compiled from data on file in the office of the American Colonization Society, under the direction of the Rev. W. McLain, Sec.",06d-01,2026-10-01
a68458b4-cc87-4c85-bbe3-6ed07cd184a1,Map of Sherman Township,03d-01,2026-10-01
a69c2d12-572f-4ca9-b1f6-1d11be3480d8,Topographical map of Franklin County Iowa,03d-01,2026-10-01
a6cc2ab8-25f9-4e4e-b36a-728d5440df67,"Atlas of Sac County, Iowa, 1908",03d-01,2026-10-01
a7740c94-7d52-4f8c-9e56-22db4f735502,"Plat book of Johnson County, Iowa",03d-01,2026-10-01
a790f854-e9c3-4b5d-990b-07feb13b95bb,"Plat book of Bremer County, Iowa",03d-01,2026-10-01
a7ea691f-3453-4600-8c0f-8e4f844dbe7e,Riverton,03d-01,2026-10-01
a7f0ddbb-c0e3-4cd9-965c-d402da456df2,Plat of Post Township,03d-01,2026-10-01
a7fee2bb-aeb5-4194-b467-dbe2865091dd,"Standard atlas of Lyon County, Iowa, 1911",03d-01,2026-10-01
a833dff6-dd7a-47bc-8e4b-e23186122f50,Map of Graham Township,03d-01,2026-10-01
a878356b-55cd-4b59-96db-4d10dd15203e,"Standard Atlas of Wright County, Iowa, 1912",03d-01,2026-10-01
a8e036f7-e074-4ee0-9b6f-d34a262bf96c,Map of Cerro Gordo County,03d-01,2026-10-01
a9ae233c-e7f0-48b8-8a13-0a4893683dcd,"Atlas of Montgomery County, Iowa, 1919",03d-01,2026-10-01
a9ccbccc-cc9f-48ad-957c-b087b3681e5c,Columbia Township,06d-01,2026-10-01
a9d02825-9e6b-4e8e-8d52-358054573844,"Geologic Map of Iowa, 1904; Outline Map of the Drift Sheets of Iowa, 1904",03d-01,2026-10-01
aab6469f-2dcd-4463-ad05-b5b0cbf51f13,"Standard Atlas of Henry County, Iowa, 1917",03d-01,2026-10-01
aac1b1cc-fe60-4d8b-b5d7-04718d104d7e,"City of Hamburg, Fremont County, Iowa",03d-01,2026-10-01
aad02bc4-c824-4683-b5f2-34e232ed360b,"Plat book of Ida County, Iowa",03d-01,2026-10-01
ab25797a-e82b-4b68-bd5c-7393eb3c9e3c,"Plat book of Clay County, Iowa",03d-01,2026-10-01
abc098b3-6383-41ad-aae1-3626a4f7ba37,"Les états de la couronne de Pologne sous les quels sont compris la grande et la petite Pologne, le grand duch de Lithuanie, les Prusses et la curlande divisez en provinces et Palatinats.",07d-01,2026-10-01
abc7e5d3-61a1-44db-9f88-7e254a2016ed,Americae sive novi orbis nova descriptio,12d-02,2026-10-01
abd4560e-0bed-4de0-a118-776775f9ffb2,Topographical map of Wayne County Iowa,03d-01,2026-10-01
abf8f14c-e747-4fec-9c9a-7a2016d4ca90,Map of Highland Township,03d-01,2026-10-01
ac2d2553-29c5-4cf3-9b3c-e511c179215c,Topographical map of Winnebago County Iowa,03d-01,2026-10-01
ad182f21-0bb6-4129-8520-0572a490965e,"Plat book of Jasper County, Iowa",03d-01,2026-10-01
ad52364b-3fb8-428c-9d8e-73654f57259b,"Official map of Clare County, Michigan",06d-01,2026-10-01
ad621d1b-9069-4015-8df8-db247c3d9a35,Topographical map of Adair County Iowa,03d-01,2026-10-01
ad87dc05-79f4-4eae-8191-fe4d0b528152,"Plat book of Scott County, Iowa",03d-01,2026-10-01
adc0d87e-7c6d-4ac3-b785-2f8fca003068,Map of Big Grove Township,03d-01,2026-10-01
ae99bb1c-7799-4215-b09c-269778ff8cb5,Topographical map of Calhoun County Iowa,03d-01,2026-10-01
af20bf57-ad84-4713-b60d-51b4dd06ec77,Teisei Miyagi-ken kannaizu,07d-01,2026-10-01
af57e249-b476-4e5a-be0a-90a7e4710e9a,Map of Washington Township,03d-01,2026-10-01
af66ea1d-be3a-4f5e-b792-1f33858c54e7,"Plat book of Lee County, Iowa, 1897",03d-01,2026-10-01
af90e86a-73c7-4292-b82e-a4fb549e376d,"Atlas of Muscatine County, 1916",03d-01,2026-10-01
afffe753-8352-43a9-b4a2-b07d4c2ee7fa,Topographical map of Pocahontas County Iowa,03d-01,2026-10-01
ark-85335-m50001c08,Advertisements,06d-01,2026-10-01
ark-85335-m50001w4x,Spend your vacation in the Thumb of Michigan,06d-01,2026-10-01
ark-85335-m5057f46c,Advertisements,06d-01,2026-10-01
ark-85335-m50g3j930,Advertisements,06d-01,2026-10-01
ark-85335-m50k27p5t,Advertisements,06d-01,2026-10-01
ark-85335-m50k2871g,"Road map of Berrien County, Michigan",06d-01,2026-10-01
ark-85335-m50r9p07k,"General highway map, Iosco County, 1964",06d-01,2026-10-01
ark-85335-m50v8cd0h,Official map of Baraga County,06d-01,2026-10-01
ark-85335-m51835d9x,Advertisements,06d-01,2026-10-01
ark-85335-m51j9944m,"General highway map, Arenac County, Michigan",06d-01,2026-10-01
ark-85335-m51r6pw7d,Road map of Ingham County,06d-01,2026-10-01
ark-85335-m51v5cr81,Advertisements,06d-01,2026-10-01
ark-85335-m51v5d917,Road map of Ingham County,06d-01,2026-10-01
ark-85335-m52f7mm9j,"Road map of Clinton County, Michigan",06d-01,2026-10-01
ark-85335-m52j6b12w,Grand Traverse County,06d-01,2026-10-01
ark-85335-m52r3qs7n,"Official highway map, Cass County, Michigan",06d-01,2026-10-01
ark-85335-m53n2294z,"Official map of Clare County, Michigan",06d-01,2026-10-01
ark-85335-m5416vb2k,Advertisements,06d-01,2026-10-01
ark-85335-m54b30163,Gogebic County official recreational map,06d-01,2026-10-01
ark-85335-m54j0ct1g,"Road map of Jackson County, Michigan",06d-01,2026-10-01
ark-85335-m54m93654,Official map of Baraga County,06d-01,2026-10-01
ark-85335-m54t6gf67,Advertisements,06d-01,2026-10-01
ark-85335-m54t6gf7q,Advertisements,06d-01,2026-10-01
ark-85335-m55h7dq15,"Map of Barry County, Michigan",06d-01,2026-10-01
ark-85335-m55m6436v,"Official map of Cheboygan County, Michigan",06d-01,2026-10-01
ark-85335-m55x26r1c,Advertisements,06d-01,2026-10-01
ark-85335-m5639n19w,"General highway map, Benzie County",06d-01,2026-10-01
ark-85335-m56689x0q,Advertisements,06d-01,2026-10-01
ark-85335-m56w97m9g,Advertisements,06d-01,2026-10-01
ark-85335-m5707z10s,Advertisements,06d-01,2026-10-01
ark-85335-m5736nz19,"Official county road map of Crawford County, Michigan",06d-01,2026-10-01
ark-85335-m57942594,Advertisements,06d-01,2026-10-01
ark-85335-m57942q5c,"Map of Bay County, Michigan",06d-01,2026-10-01
ark-85335-m57d2s396,"Official highway map, Cass County, Michigan",06d-01,2026-10-01
ark-85335-m5833p959,Advertisements,06d-01,2026-10-01
ark-85335-m5833pv02,"General highway map, Arenac County, Michigan",06d-01,2026-10-01
ark-85335-m58913m63,"Official map of Clare County, Michigan",06d-01,2026-10-01
ark-85335-m58c9t08d,General highway map,06d-01,2026-10-01
ark-85335-m5930qr09,"General highway map, Benzie County",06d-01,2026-10-01
ark-85335-m5959dk6b,Advertisements,06d-01,2026-10-01
ark-85335-m59c6tc4k,Advertisements,06d-01,2026-10-01
ark-85335-m59c6tw9q,"Road map of Berrien County, Michigan",06d-01,2026-10-01
ark-85335-m59g5hr8c,Advertisements,06d-01,2026-10-01
ark-85335-m59w0bv4z,Gogebic County official recreational map,06d-01,2026-10-01
ark-85335-m59z91q32,Advertisements,06d-01,2026-10-01
ark-85335-m5b27rn00,"Official road map, Ionia County, Michigan",06d-01,2026-10-01
ark-85335-m5b56g13q,"Official map of Clare County, Michigan",06d-01,2026-10-01
ark-85335-m5b854w3f,Advertisements,06d-01,2026-10-01
ark-85335-m5bc3v83b,Advertisements,06d-01,2026-10-01
ark-85335-m5bc3v86s,Advertisements,06d-01,2026-10-01
ark-85335-m5bv7cr54,"Official map of Cheboygan County, Michigan",06d-01,2026-10-01
ark-85335-m5c24sh94,"Road map of Berrien County, Michigan",06d-01,2026-10-01
ark-85335-m5c53gx3j,"Official county road map of Crawford County, Michigan",06d-01,2026-10-01
ark-85335-m5d50ht1t,Road map of Kalamazoo County,06d-01,2026-10-01
ark-85335-m5dj59v00,Advertisements,06d-01,2026-10-01
ark-85335-m5dv1fj44,Grand Traverse County,06d-01,2026-10-01
ark-85335-m5f47j596,Advertisements,06d-01,2026-10-01
ark-85335-m5fn12n83,"Official highway map, Cass County, Michigan",06d-01,2026-10-01
ark-85335-m5fx75t8m,Grand Traverse County,06d-01,2026-10-01
ark-85335-m5gb1zv4t,Advertisements,06d-01,2026-10-01
ark-85335-m5gm83j79,"Road map of Delta County, Michigan",06d-01,2026-10-01
ark-85335-m5gx46608,Advertisements,06d-01,2026-10-01
ark-85335-m5gx46q6w,"Road map of Clinton County, Michigan",06d-01,2026-10-01
ark-85335-m5h990r3d,Advertisements,06d-01,2026-10-01
ark-85335-m5hd7q496,Advertisements,06d-01,2026-10-01
ark-85335-m5hh6dj05,Advertisements,06d-01,2026-10-01
ark-85335-m5hm54f7j,"Official road map of Eaton County, Michigan",06d-01,2026-10-01
ark-85335-m5hq3tv22,"General highway map, Iosco County, 1964",06d-01,2026-10-01
ark-85335-m5ht2hq07,Advertisements,06d-01,2026-10-01
ark-85335-m5hx17m5n,"Map of Barry County, Michigan",06d-01,2026-10-01
ark-85335-m5j09xg6n,Advertisements,06d-01,2026-10-01
ark-85335-m5jm25b88,"Official road map, Ionia County, Michigan",06d-01,2026-10-01
ark-85335-m5jq0vr1t,"Road map of Clinton County, Michigan",06d-01,2026-10-01
ark-85335-m5kk9680j,"Official county road map of Crawford County, Michigan",06d-01,2026-10-01
ark-85335-m5kp7wn01,"Map of Barry County, Michigan",06d-01,2026-10-01
ark-85335-m5kw58w3g,Advertisements,06d-01,2026-10-01
ark-85335-m5mc8tc1p,Road map of Kalamazoo County,06d-01,2026-10-01
ark-85335-m5mg7hr5g,"Official road map, Ionia County, Michigan",06d-01,2026-10-01
ark-85335-m5mk66m5m,Advertisements,06d-01,2026-10-01
ark-85335-m5mp4xj08,General highway map,06d-01,2026-10-01
ark-85335-m5ms3md1w,Advertisements,06d-01,2026-10-01
ark-85335-m5ng4j42j,Advertisements,06d-01,2026-10-01
ark-85335-m5ns0n914,Advertisements,06d-01,2026-10-01
ark-85335-m5pg1kj4g,Spend your vacation in the Thumb of Michigan,06d-01,2026-10-01
ark-85335-m5pz52z40,Advertisements,06d-01,2026-10-01
ark-85335-m5pz52z5g,Advertisements,06d-01,2026-10-01
ark-85335-m5q23sc0q,Advertisements,06d-01,2026-10-01
ark-85335-m5q52h854,"Road map of Delta County, Michigan",06d-01,2026-10-01
ark-85335-m5q816p01,Spend your vacation in the Thumb of Michigan,06d-01,2026-10-01
ark-85335-m5qf8kw90,Advertisements,06d-01,2026-10-01
ark-85335-m5qf8mf45,"Official road map of Eaton County, Michigan",06d-01,2026-10-01
ark-85335-m5qz23v66,Advertisements,06d-01,2026-10-01
ark-85335-m5qz23v7p,Advertisements,06d-01,2026-10-01
ark-85335-m5r787j9m,"Road map of Jackson County, Michigan",06d-01,2026-10-01
ark-85335-m5s46k28h,"Road map of Delta County, Michigan",06d-01,2026-10-01
ark-85335-m5s758f8c,General highway map,06d-01,2026-10-01
ark-85335-m5sb3z965,Advertisements,06d-01,2026-10-01
ark-85335-m5sf2p754,Road map of Ingham County,06d-01,2026-10-01
ark-85335-m5t14wk32,"General highway map, Arenac County, Michigan",06d-01,2026-10-01
ark-85335-m5t43kf36,Advertisements,06d-01,2026-10-01
ark-85335-m5t728t32,Advertisements,06d-01,2026-10-01
ark-85335-m5t729b8m,Official map of Baraga County,06d-01,2026-10-01
ark-85335-m5th8d04g,Advertisements,06d-01,2026-10-01
ark-85335-m5tq5ss0b,Advertisements,06d-01,2026-10-01
ark-85335-m5tx37302,"Road map of Jackson County, Michigan",06d-01,2026-10-01
ark-85335-m5v11xg4s,"Map of Bay County, Michigan",06d-01,2026-10-01
ark-85335-m5v69b789,Come to Gladwin County,06d-01,2026-10-01
ark-85335-m5vm44871,Advertisements,06d-01,2026-10-01
ark-85335-m5w08xt8t,Advertisements,06d-01,2026-10-01
ark-85335-m5w08zc2h,"General highway map, Iosco County, 1964",06d-01,2026-10-01
ark-85335-m5w66c491,Gogebic County official recreational map,06d-01,2026-10-01
ark-85335-m5w95208p,Advertisements,06d-01,2026-10-01
ark-85335-m5ws8kg7n,"Official map of Cheboygan County, Michigan",06d-01,2026-10-01
ark-85335-m5x060824,"General highway map, Benzie County",06d-01,2026-10-01
ark-85335-m5x34p40x,Advertisements,06d-01,2026-10-01
ark-85335-m5x34p41d,Advertisements,06d-01,2026-10-01
ark-85335-m5x34pn52,Come to Gladwin County,06d-01,2026-10-01
ark-85335-m5xp6x033,Road map of Kalamazoo County,06d-01,2026-10-01
ark-85335-m5xs5kv49,Advertisements,06d-01,2026-10-01
ark-85335-m5xs5mc8c,"Map of Bay County, Michigan",06d-01,2026-10-01
ark-85335-m5z030m76,Advertisements,06d-01,2026-10-01
ark-85335-m5z03152c,Come to Gladwin County,06d-01,2026-10-01
ark-85335-m5zp3xw5w,"Official road map of Eaton County, Michigan",06d-01,2026-10-01
b0404d19-f13d-4ff4-8e30-a46abee6bd49,Map of Union Township,03d-01,2026-10-01
b05d87da-a851-4a6d-96ce-27f23b58a829,Rock Island Arsenal,03d-01,2026-10-01
b0688103-9e76-4462-a63c-3ea36cce494a,"Plat book of Franklin County, Iowa",03d-01,2026-10-01
b07c2c75-1e33-4af9-bb49-8cfafb104bed,Map of the United States,03d-01,2026-10-01
b07e4ce6-fa1a-4473-a324-263add0afdec,Topographical map of Taylor County Iowa,03d-01,2026-10-01
b07fb872-5700-48ef-94ee-ab53e98bd980,"Plat book of Page County, Iowa",03d-01,2026-10-01
b0a0e308-a45d-490e-b156-4ae538dfc618,"Standard Atlas of Cherokee County, Iowa, 1907",03d-01,2026-10-01
b0daf054-cab1-4312-88d3-4fb5abc221c9,"Plat book of Poweshiek County, Iowa",03d-01,2026-10-01
b0e8c04b-a202-47d2-86c6-605605d4e1ea,Map of Locust Grove Township,03d-01,2026-10-01
b216a53c-177c-42b0-8167-f3721f157f77,Peru (Edmore Station) (Unrecorded),03d-01,2026-10-01
b221c3e2-93d8-4983-b0be-e8be1afd2413,"Standard Atlas of Wapello County, Iowa, 1908",03d-01,2026-10-01
b2470ae9-03c1-4444-a97a-c4b658df1a4e,"Map of Dickinson County, Michigan",06d-01,2026-10-01
b32db2e0-4331-4c75-8b90-34df38bbfbd1,"An Illustrated Historical Atlas of Lee County, Iowa, 1874",03d-01,2026-10-01
b34f42da-e4da-4494-a663-3adc58e0975f,The road from London to York / drawn & engrav'd by J. Gibson.,06d-01,2026-10-01
b38d389b-8157-44fd-ad95-933a5f45c33e,"Atlas of Clinton County, Iowa, 1874",03d-01,2026-10-01
b3a12d75-e37c-40a2-8fa0-ffe03a40efef,Tiffin; Williamstown; Windham,03d-01,2026-10-01
b3a37e0d-b57a-4423-a2df-f208d78815ef,Map of Newport Township,03d-01,2026-10-01
b3e14894-341b-4e7c-bb82-ba4a01797324,"Geological map of Allamakee County, Iowa",03d-01,2026-10-01
b4b7fd46-c994-4a25-9c80-0d22602446c4,Part of the city of Ottumwa and environs Section 19,03d-01,2026-10-01
b4c179eb-45ff-4bd7-8884-890294903d5d,"Waterloo, Iowa",03d-01,2026-10-01
b5643fe7-a6b3-41a9-9130-4f234b00a013,Iowa City Township,03d-01,2026-10-01
b57f478c-673f-4c87-a16f-8014512d8764,Map of Benton Township,03d-01,2026-10-01
b5dbaec3-2da9-4075-9e42-2a8b7ce78e62,Map of Jefferson Township,03d-01,2026-10-01
b65f54ac-d497-4d31-ae49-2e2d7a7055f7,Muscatine,03d-01,2026-10-01
b6b1ce1d-a987-4ebe-b52d-e845aa5c7e2d,Keeler Township,06d-01,2026-10-01
b6d97447-d551-45a2-9c91-502a9c315987,"Plat Book and Complete Survey of Polk County, Iowa, 1914",03d-01,2026-10-01
b6e6706f-bff6-465c-bd87-0c93022c7c05,"Atlas of Pottawattamie County, Iowa, 1900",03d-01,2026-10-01
b70a9792-c99e-427f-a297-c3ceda1ab95b,Map of the State of Colorado.,06d-01,2026-10-01
b70d92e1-358e-4619-82fe-858d85778e81,Plat of Union Township,03d-01,2026-10-01
b7315b5d-8291-4175-a586-29a03117ff27,Topographical map of Allamakee County Iowa,03d-01,2026-10-01
b7939794-3134-4416-9579-fa3f5bac800d,"Combination Atlas Map of Henry County, Iowa, 1870",03d-01,2026-10-01
b82c543e-ef5c-46f0-be26-9641c8da2cc6,"Plat book of Monona County, Iowa",03d-01,2026-10-01
b8609c7c-8e90-4d2a-8441-7f4075911f1e,"Plat book of Dubuque County, Iowa, 1892",03d-01,2026-10-01
b87aa776-79c5-489b-8f79-bacc9b737f2a,Gray's new map of the United States,03d-01,2026-10-01
b92f54c4-1a52-48be-a12a-6d5fac45da99,"Atlas of Linn County, 1895",03d-01,2026-10-01
b97500a6-8f75-4f57-9c77-9813e1df0638,"Marshalltown, Iowa",03d-01,2026-10-01
b97622bf-4765-45c2-ab20-1c7c00d35b56,Map of Almena Township,06d-01,2026-10-01
b9865d2a-c4bb-4b57-acb5-45371f458ebb,Topographical map of Story County Iowa,03d-01,2026-10-01
b98a10f8-009f-4182-9742-07bfe279d11f,Plat of French Creek Township,03d-01,2026-10-01
ba0c2d84-2c0c-4b8c-9bed-9bf46a59c736,"Road map, Houghton County, state of Michigan",06d-01,2026-10-01
ba264692-565f-405b-94ab-ab8b5f276040,Map of Center Township,03d-01,2026-10-01
ba593efb-008e-464f-a416-5a9bcdb4fa06,"Atlas of Tama County, Iowa, 1875",03d-01,2026-10-01
ba9d89a1-1d4f-436a-9e06-47e5ab991b38,"Plat Book of Jones County, Iowa, 1893",03d-01,2026-10-01
bac096c5-180e-4a63-acf8-80868b2048ea,Iowa,03d-01,2026-10-01
bbc0c733-4562-4c34-a1a8-3902f6bdb15d,"Plat Book of Jones County, Iowa, 1893",03d-01,2026-10-01
bc2bd6c8-6e1f-48ae-9abe-3428fbf71c72,"Plat book of Hancock County, Iowa",03d-01,2026-10-01
bc963933-5a7a-4ebc-8781-56e6fa9012a5,"Fort Madison, Iowa",03d-01,2026-10-01
bd643acb-5191-43b0-b384-980562bed78c,Clinton,03d-01,2026-10-01
be5ce5bc-e9c9-4b2b-9ca0-0fe3ee0d7ded,Plat of Jefferson Township,03d-01,2026-10-01
be861092-87f7-403a-bc4e-0ba21c1565d7,Key West,03d-01,2026-10-01
bf090175-cf4e-4e09-b187-87852e459746,Topographical map of Crawford County Iowa,03d-01,2026-10-01
bf6b96e1-f985-4850-8687-ace2ba5049eb,Map of Sidney Township; Anderson,03d-01,2026-10-01
bf99bace-d7ab-4e2f-8a9e-e143abb6f040,Topographical map of Clay County Iowa,03d-01,2026-10-01
bfa8f078-dec3-4071-b793-5ba85c77e2d1,[Title page] Compiled from Official Records and Local Inspection,06d-01,2026-10-01
bfe40b82-ead9-4357-8d25-9c34d2eca705,"Atlas of Dallas County Iowa, 1916",03d-01,2026-10-01
c00a8432-0370-41f7-bba2-c29cddda0abe,Map of Newport Township,03d-01,2026-10-01
c018c898-db30-4a23-95c4-f3aa929a9d64,Plat of Lansing Township,03d-01,2026-10-01
c0421d9e-62a6-49a7-9d4e-d7df9f240d72,Topographical map of Shelby County Iowa,03d-01,2026-10-01
c09bb6ea-f533-4c2c-92db-a0b311920153,Map of St. Mary Township; Map of Oak Township,03d-01,2026-10-01
c0ad5b3a-6732-48ca-9298-13e56ed284be,"The British governments in Nth. America: Laid down agreeable to the proclamation of Octr. 7, 1763 / J. Gibson sculp.",06d-01,2026-10-01
c0b505ec-52d4-4ef8-bda8-e8e7b8969f1a,Map of Lincoln Township,03d-01,2026-10-01
c0f95a7a-4626-459e-8a04-c3852952decd,"Plat book of Louisa County, Iowa",03d-01,2026-10-01
c11a75ff-4c85-4fc0-a007-b737fe613f4c,"Plat Book of Clinton County, Iowa, 1894",03d-01,2026-10-01
c1dcde6b-4582-4ce6-a616-5e192fdb9b88,Porter Township,06d-01,2026-10-01
c2739cdf-fae5-4cc9-aff4-b5ad866043e4,"Diagram of the Lead-Bearing Crevices near Dubuque, Iowa, 1858",03d-01,2026-10-01
c2a55121-3d77-4bde-ac5d-f863a00ee86e,Plat of Lansing,03d-01,2026-10-01
c2b5498b-812e-495a-a74d-fbf5bfd4efb0,"Official county road map of Crawford County, Michigan",06d-01,2026-10-01
c3b19d08-4b83-465c-bb20-1197638d8e71,Topographical map of Marion County Iowa,03d-01,2026-10-01
c3b5edad-b329-426e-88ed-b48c916898e9,Michigan,06d-01,2026-10-01
c3f112b9-68b5-42a4-8c04-3c956e80f189,"Plat book of Winnebago County, Iowa",03d-01,2026-10-01
c4263ec9-0ba3-4d10-ba50-4b474f429021,Map of Soldier Township,03d-01,2026-10-01
c44d7389-9c55-461f-b7b7-8804a0067fe4,"Atlas of Clarke County, Iowa, 1915",03d-01,2026-10-01
c4a614f9-b07d-4590-a4c7-1ae13647f96e,"Standard Atlas of Montgomery County, Iowa, 1907",03d-01,2026-10-01
c4ae8f1c-5466-46b2-ac54-009c09a8b29f,Maple Hill; Gruver; Dolliver,03d-01,2026-10-01
c633f40a-da5b-4f75-af95-3f10ad4b380d,Plat of Table Mound Township,03d-01,2026-10-01
c65b2a09-e8f5-4db7-ad03-f802b439d83f,Shield of Achilles,06d-01,2026-10-01
c6775be9-86b6-465d-8401-827af7510a13,Cedar Rapids,03d-01,2026-10-01
c70594ac-f409-4268-90a8-98aebdc2b24a,Map of Clay Township,03d-01,2026-10-01
c72ad24c-0d18-40e8-95a9-7af9584f9cd6,Part of the city of Ottumwa and environs Section 29,03d-01,2026-10-01
c7369184-2797-44f4-b507-67d5a8e1a76e,Topographical map of Scott County Iowa,03d-01,2026-10-01
c793fca5-8110-4989-bfb2-2bcee12f6c73,"Plat book of Hardin County, Iowa",03d-01,2026-10-01
c8290cda-b3ab-4f30-97ce-dafd4dcffbd2,"Plat book of Chickasaw County, Iowa",03d-01,2026-10-01
c8acc660-4e09-42a7-bab2-9594ea6343d3,Topographical map of Monona County Iowa,03d-01,2026-10-01
c8d475b9-1427-4a3e-9f47-d99c364a9901,"Atlas of Hancock County, Iowa, 1914",03d-01,2026-10-01
c8f6f377-1f0c-4e2b-92dc-28f4f4892d69,"Plat book of Wayne County, Iowa",03d-01,2026-10-01
c96c8b4e-7d0c-4240-a20e-cc21296c62d0,Centralia; Peosta (formerly Caledonia),03d-01,2026-10-01
c9824ca8-5dc0-49ac-9df7-e0eaf2b882e9,Topographical map of Davis County Iowa,03d-01,2026-10-01
c98a5d3c-ea10-41cf-9da4-683079e9b775,"Plat book of Shelby County, Iowa",03d-01,2026-10-01
c9c1393f-e5f7-49c5-a67a-c2db58f36822,Topographical map of Clarke County Iowa,03d-01,2026-10-01
c9c611cf-7f6d-4404-af48-1f1e6cf82641,"Atlas of Taylor County and the World, 1923",03d-01,2026-10-01
c9fc8642-e94d-48e3-99fc-edd625cde512,"Atlas of Iowa County, Iowa, 1900",03d-01,2026-10-01
ca52c83b-65be-4128-a48d-3d9c7537be71,"Township plat book of Delaware County, Iowa, 1894",03d-01,2026-10-01
ca7d5643-8a8f-4582-b7da-75be781646cc,East part of Mason City,03d-01,2026-10-01
caae9ec2-1c00-4c50-ab43-f917b1014916,"Plat book of Montgomery County, Iowa",03d-01,2026-10-01
cab7476f-b7b6-4f14-816b-9d7b97524646,"Plat book of Carroll County, Iowa",03d-01,2026-10-01
cab7f0c9-28b7-4e9e-8153-a65ec7e8d7c5,Map of North America,06d-01,2026-10-01
cad7d3b8-52d2-4db1-b6b9-e3b86a199724,Plat of Lafayette Township; Village Creek; Ly Brand,03d-01,2026-10-01
cae0bd25-120f-491d-bf49-478ec6005be3,Map of Arlington Township,06d-01,2026-10-01
caf1ac95-8170-4f26-8fa4-30f57bcaf023,"Johnson County 1939, 1939",03d-01,2026-10-01
cb32aacd-fcbc-40f8-93d7-058025988993,Washington Mills; Bernard,03d-01,2026-10-01
cb60f0a0-6c2c-420a-9728-86ccf6c711f6,"Plat book of O'Brien County, Iowa",03d-01,2026-10-01
cb69edcf-e68c-4f27-b855-2f9efb733111,"Plat Book of Buchanan County, Iowa, 1886",03d-01,2026-10-01
cc4b7d15-0dbd-40e3-9ca7-b3a508c68b2e,"Atlas of Winnebago County, Iowa, 1928",03d-01,2026-10-01
cc63ef72-e5e9-4e0e-9767-0317af2f5dad,"Plat book of Warren County, Iowa",03d-01,2026-10-01
ccad4133-b423-49b9-bdb3-202a687e9714,Topographical map of Madison County Iowa,03d-01,2026-10-01
ccada54e-2a7c-4b77-871b-434d7bc3dd0f,"Plat book of Floyd County, Iowa",03d-01,2026-10-01
ccc35a01-7391-45f8-8a40-08ee49a76381,Coralville,03d-01,2026-10-01
ccf195e6-0081-450e-bea3-6c3e20f663cd,Intermediate series map of Iowa,03d-01,2026-10-01
ccf52c79-0717-4a37-a0a9-a44ce55595eb,Le duche de Bourgoigne et comte de Charolois,07d-01,2026-10-01
cd4f7d1b-ba63-45c3-b139-c88d3f8ac39c,Map of the City of Oxford; Map of North Liberty,03d-01,2026-10-01
cda7ded8-2865-4498-886a-ec63e310ccf3,"Essexiae descriptio: The description of Essex; Amstelodami, sumptibus Ioannis Ianssonii.",07d-01,2026-10-01
cdf64811-4939-46f7-a898-850993ef53f9,Topographical map of Fayette County Iowa,03d-01,2026-10-01
ce4be5f1-1e47-4536-9aa4-2ee261a79bf0,"Atlas of Ida County, Iowa, 1906",03d-01,2026-10-01
ceb64216-b606-4060-aa25-f7da86877cf1,Iowa,03d-01,2026-10-01
ceb768f9-16fb-4b8e-88e1-549b2c3e397f,Map of Cass Township,03d-01,2026-10-01
ceef90e8-89c1-4340-bdb1-ab2142ff6e6e,Eddyville,03d-01,2026-10-01
cf065961-d6f4-4f8b-b91a-fee85eb99a9f,Geneva Township,06d-01,2026-10-01
cf09ca6e-e29f-4cba-889a-fd521ab142d9,Topographical map of Plymouth County Iowa,03d-01,2026-10-01
cf105ced-21f4-4467-9963-11ba78eb0fe3,"An Atlas of Buchanan County, 1923",03d-01,2026-10-01
cf35d64f-1f61-4626-ae18-4e0d9da9089f,"Standard Atlas of Palo Alto County, Iowa, 1908",03d-01,2026-10-01
cfe64d47-cdd0-44b4-939f-ae6ee83bb121,West part of Mason City,03d-01,2026-10-01
d0503d4d-9cd5-457c-b1f3-60a85f72d76a,Part of the city of Ottumwa and environs Section 13,03d-01,2026-10-01
d0521afc-7fb5-46d3-b2ca-4db72954b10c,"Views of Davenport, Iowa",03d-01,2026-10-01
d0c015cc-5984-4fce-9b4f-d662ade3315a,"Plat Book of Clay County, Iowa, 1887",03d-01,2026-10-01
d1465e0e-5209-46cd-86ae-4ffc8d3c1f7e,"Plat book of Iowa County, Iowa",03d-01,2026-10-01
d1ff7e7d-2780-43be-83ae-5ad8f6b1eeb2,Topographical map of Louisa County Iowa,03d-01,2026-10-01
d2577758-ff92-4b3f-89b1-8851979e04d5,Topographical map of Cherokee County Iowa,03d-01,2026-10-01
d2686582-a2c6-41de-9e1a-69f71e797181,Map of Cedar Township,03d-01,2026-10-01
d2b1194a-9b95-49ac-a854-b8a2b2c79cba,"New Sectional Atlas of Jones County, Iowa, 1877",03d-01,2026-10-01
d3021f0e-9931-436f-98a6-43ef5d649758,"Plat book of Madison County, Iowa",03d-01,2026-10-01
d327379c-8d3e-4d06-8d07-25c3d0a8c7c3,Map of the surveyed part of the territory of Michigan,06d-01,2026-10-01
d3af54cb-fb05-42e7-958d-bcb503a4bcd7,"Iowa College at Grinnell; City of Grinnell, Iowa",03d-01,2026-10-01
d3ea5be4-b4b1-4a29-9103-83d05919bcb0,Map of Adams Township,03d-01,2026-10-01
d41aa166-c42b-4003-a296-1d07c91c1ced,"Standard Historical Atlas of Jasper County, Iowa, 1901",03d-01,2026-10-01
d51b2dd1-55f7-4603-b72c-98a54d3bd5c4,Intermediate series the United States,03d-01,2026-10-01
d5673929-7213-440c-9aa8-405e84ed1097,Plat of Iowa Township,03d-01,2026-10-01
d6439873-f13d-4be9-8743-053fd5d66c0a,"Atlas and plat book of Mahaska County, Iowa, 1920",03d-01,2026-10-01
d644148f-deed-460b-844b-530c1b9ea247,Pour l'intelligence du mémoire sur les riviéres de l'interieur de l'Afrique,06d-01,2026-10-01
d64945b9-d259-42fd-896f-18a7b9f2db01,Topographical map of Adams County Iowa,03d-01,2026-10-01
d6c46e4b-7078-4897-a663-6ec1ea7b1bfa,"Atlas of Warren County Iowa, 1872",03d-01,2026-10-01
d6ebc4db-7400-4d10-83e6-66b67ccf020b,"Plat book of Des Moines County, Iowa",03d-01,2026-10-01
d74a053f-13bd-4dd7-86d6-217afc3fe3fc,Map of Polk Township,03d-01,2026-10-01
d84e3c2e-fd66-41ce-b1af-55ae8ec8f9f1,"Plat book of Fayette County, Iowa",03d-01,2026-10-01
d892448d-ff2b-4fed-8193-98e4be708604,Plat of Makee Township,03d-01,2026-10-01
d8e43def-b3c1-4566-811f-cb55038342ff,The world on Mercator's projection,03d-01,2026-10-01
d9170157-a855-4eb2-80d9-56c738faa776,"The stars, the earth",03d-01,2026-10-01
d9db6743-7229-4b7f-91dd-e2a0edc86b46,"Atlas of Clarke County, Iowa, 1909",03d-01,2026-10-01
d9f60d42-ae6f-449f-9318-8945e820e992,"Atlas of Butler County, Iowa, 1917",03d-01,2026-10-01
dafaf953-097b-42ca-ae1c-47ba0d11a907,Iowa,03d-01,2026-10-01
dbf7adbc-bd60-4785-a921-0f2e8dbfb7c9,"Atlas and Plat Book of Dallas County, Iowa, 1930",03d-01,2026-10-01
dc74ba73-69be-4273-85eb-b5df130bdc15,"Standard Historical Atlas of Franklin County, Iowa, 1908",03d-01,2026-10-01
dc7b1105-95e6-4cd0-b0cd-a4cc592e8b06,Map of Madison Township,03d-01,2026-10-01
dcca0fd9-ddda-4348-8d41-e7194e2b665f,The north coast of Russia from the latest discoveries.,06d-01,2026-10-01
dcedee6e-69c1-473f-ba98-7891ec2b4951,"Atlas of Carroll County, Iowa, 1923",03d-01,2026-10-01
dd09b6c5-1534-4d6d-a75e-54e5433abe18,"Plat Book of Grundy County, Iowa, 1884",03d-01,2026-10-01
dd2c4a0a-78db-4725-8a40-11305a7c5b9b,"Standard atlas of Floyd County, Iowa, 1913",03d-01,2026-10-01
dd8f109a-4ab5-49ef-a790-06c4bb56a03c,"Illustrated Atlas of Pottawattamie County, Iowa, 1885",03d-01,2026-10-01
ddb898ac-94f9-47e1-9106-687a4f7509e8,Michigan,06d-01,2026-10-01
ddeb8a85-dbdd-44f1-8ee5-2c1a4d83ab34,Julien Township and East Part of Dubuque Township,03d-01,2026-10-01
ddf15370-df83-449f-b20a-40aaa2fea342,"Plat book of Pocahontas County, Iowa",03d-01,2026-10-01
ddf990d0-50cf-440e-bad3-4fa71d57a78a,Plat of Center Township,03d-01,2026-10-01
de270cb9-e8f7-4728-abd6-41900c1579a7,"Atlas of Madison County, Iowa, 1908",03d-01,2026-10-01
de448b77-38a8-4d4d-8ff8-d4ae59c9ac12,"Plat book of Sioux County, Iowa",03d-01,2026-10-01
dec2ca23-6390-483b-b76c-263773ae4de4,"Plat book of Allamakee County, Iowa, 1886",03d-01,2026-10-01
def1f43e-ef43-4f61-bb2b-acd49f077bb2,"Atlas and Plat Book of Adair County, Iowa, 1917",03d-01,2026-10-01
df4bd0af-0166-48ef-be58-e919de6c1c84,Outline Map of Fremont County Iowa,03d-01,2026-10-01
df4fec5d-8027-437b-990f-1360df766c7d,"Plat book of Polk County, Iowa",03d-01,2026-10-01
dfbd402f-9a52-4f77-bb21-038618b66021,"Map of the state of Michigan and the surrounding country, exhibiting the sections and the latest surveys / compiled from authentic sources by John Farmer; engraved by John Farmer.",06d-01,2026-10-01
dfd168e2-033f-4615-b9e1-81c6ccd24d29,"Illustrated historical atlas of the state of Iowa, 1875",03d-01,2026-10-01
e0951392-6151-4572-ba74-99b1ad2244b5,Map of Ashton Township,03d-01,2026-10-01
e09d6ade-ae1e-4a85-852f-e1913a2a25cb,"Huebinger's map and guide for North Iowa Pike: Sioux Falls, S.D. to McGregor, Iowa, 1912",03d-01,2026-10-01
e19570ac-4c21-42ef-a347-5265887327ad,"Plat Book of Des Moines County, Iowa, 1897",03d-01,2026-10-01
e220f772-04a0-4be3-b307-7863643bf49d,Topographical map of Hancock County Iowa,03d-01,2026-10-01
e2833e60-1f27-4596-932e-f72fb6bd545a,"Plat book of Keokuk County, Iowa",03d-01,2026-10-01
e297be89-4d14-4fc8-9c8b-65910511baa3,"Plat book of Cherokee County, Iowa",03d-01,2026-10-01
e2e5d00f-e024-49a5-a59c-e9b8736ba4ac,"Atlas of Louisa County, Iowa, 1917",03d-01,2026-10-01
e33cd410-3553-4c5d-b474-005cfe26a0c9,"Haskell's New Indexed Atlas of Muscatine County, Iowa, 1884",03d-01,2026-10-01
e37ed12b-7b33-4aed-822a-2128b1bb79a0,"Atlas of Hardin County, Iowa, 1918",03d-01,2026-10-01
e3db77fa-a6ef-4276-a1b4-2fa47733cc02,Charte von Nieder Guinea und den angrenzenden laeendern Sud Afrika's. Nach den neuesten und besten hulssmitteln,06d-01,2026-10-01
e46c2f54-155e-43dc-a47b-cb717ed0206d,"Plat Book of Tama County, Iowa, 1897",03d-01,2026-10-01
e4a24365-4481-4f07-9c69-70b112e400e5,"Plat book of Mitchell County, Iowa",03d-01,2026-10-01
e4ed7979-6732-4c4f-af21-d5d4ec4130b7,"Standard Atlas of Adams County, Iowa, 1905",03d-01,2026-10-01
e54c9b00-e7c3-408a-ae85-1eb16feb4292,"Plat book of Boone County, Iowa",03d-01,2026-10-01
e55fe0d9-c16b-497b-b763-46ce1bff93cf,"Plat book of Crawford County, Iowa",03d-01,2026-10-01
e5d84377-56de-4f56-a9d9-d488fbb9de4d,"Plat book of Calhoun County, Iowa",03d-01,2026-10-01
e5fbdb77-200b-412e-8dd0-1692767f4adf,Bunkyū kaisei shinzō saiken Kyō ezu taizen: Kan; Also published under this title: Rakuchū Rakugai Shinzō Saiken Kyō Ezu Taizen: Kan,07d-01,2026-10-01
e680b853-f335-4136-b2c9-d11b0b81582a,Competine; Bladensburg; Ormanville; Bidwell; Chillicothe; Blakesburg,03d-01,2026-10-01
e68a8245-6c6e-43e5-bb20-18d93f9451bb,"Atlas of Cerro Gordo County, Iowa, 1912",03d-01,2026-10-01
e6e2ac8a-1781-41fb-83ec-6a4ebc17d0f6,Map of Graham Township,03d-01,2026-10-01
e6f0596c-b02e-4759-9770-12eb55b1f616,Plat of Waterloo Township,03d-01,2026-10-01
e7812026-965c-4de9-a200-e87bd818975b,"Atlas and Farm Directory of Clayton County, Iowa, 1914",03d-01,2026-10-01
e7a334c6-dc03-4f77-a3fe-245812503c92,Map of Madison Township,03d-01,2026-10-01
e7b77840-687b-4d28-b1c5-939a71f2a90a,Part of the city of Ottumwa and environs east half of section 32; Phillips,03d-01,2026-10-01
e84c3097-fe7c-4fbe-8851-76a65d39a101,"Atlas of Johnson County, Iowa, 1917",03d-01,2026-10-01
e915d7bb-984e-4fae-8f50-fd21ab3caf60,Plat of Paint Creek Township,03d-01,2026-10-01
e92cb1b1-d3d4-4b30-8b0f-02736e547c74,"Atlas of Black Hawk County, Iowa, 1910",03d-01,2026-10-01
e95504dc-10fb-49bf-a80e-651be166181b,"Norfolciae descriptio: The description of Norfolk; Amstelodami, apud Ioannem Ianssonium.; Description of Norfolk",07d-01,2026-10-01
e99915e6-84be-42f4-88d5-2c62dea4ca38,"Atlas and Plat Book of Jasper County, Iowa, 1914",03d-01,2026-10-01
e9c2aaab-1746-4f6b-a5bd-4d55198183d4,"Plat book of Linn County, Iowa",03d-01,2026-10-01
e9dac942-d539-4045-b47a-ef939194d9ad,"Atlas of Keokuk County, Iowa, 1895",03d-01,2026-10-01
e9e83390-949e-459a-9b40-8737dd95e6a3,"Atlas and Plat Book of Jackson County, Iowa, 1913",03d-01,2026-10-01
ea780a1e-710f-40cd-aac6-34b1eed8ce3d,Plat of Portland Township,03d-01,2026-10-01
eacabc4c-ccb0-4604-aa7d-ac566e9db30a,"Atlas of Carroll County, Iowa, 1906",03d-01,2026-10-01
eb7ebdbd-6c50-42d0-896f-e87f678911e5,"Official map of Cheboygan County, Michigan",06d-01,2026-10-01
eb8e673a-27a3-4f65-bccd-2d748ba53535,"Boone County plat book and farm directory, ca.1935",03d-01,2026-10-01
ebb68332-6f59-47b9-a587-a08ef7d55a3a,Paw Paw Township,06d-01,2026-10-01
ebb7767a-1ae9-4be1-82b2-1845fc92463b,"Plat book of Osceola County, Iowa",03d-01,2026-10-01
ebce3be8-95b2-4a7f-9a17-05111f46b525,"Map of Iowa, issued by the Board of Railroad Commissioners, 1915",03d-01,2026-10-01
ebd30191-5804-44ae-8838-0580ff3d3a9a,Emerson,03d-01,2026-10-01
ec0c041a-9992-42f4-9bb2-02586b2ef3e2,South Liberty; Morfordsville; Hills P.O.,03d-01,2026-10-01
ec3907ee-4343-4dc3-b495-8e1fbb95bae6,West Part of Dubuque Township,03d-01,2026-10-01
ec63a78c-1b5b-48c6-9858-ef9f592bb4c0,Map of Belvidere Township,03d-01,2026-10-01
ec68d9fe-51ca-4f29-b376-f0515b19f038,"Official road map of Eaton County, Michigan",06d-01,2026-10-01
ec9aaf0c-92c0-4bbe-b62b-367542684180,"Plat Book of Jackson County, Iowa, 1893",03d-01,2026-10-01
eca684ef-7678-4563-a07b-21b81a8ae8c1,Lawrence Township,06d-01,2026-10-01
eccad6ca-c4f9-47d2-96f8-66d1bce77e4d,Road map of Ingham County,06d-01,2026-10-01
ecd1fb91-5455-4583-8d8e-72c92f6c6ae4,Map of the town of Michigan: (comprising section sixteen and portions of nine and twenty one) in the county of Ingham / surveyed by T. McCracken.,06d-01,2026-10-01
edccbce9-bb62-4d58-9a43-5c990aa0f6bb,The world,03d-01,2026-10-01
eeb806b7-422b-410d-93df-b1170b398d19,"Plat book of Webster County, Iowa",03d-01,2026-10-01
eef57fa8-632e-48e1-bf5c-550fb8d234ab,Swaledale,03d-01,2026-10-01
ef2d01bd-b3de-46ce-bc2b-22175e6c8a09,"Atlas of Henry County, Iowa, 1895",03d-01,2026-10-01
ef6fbb74-8459-47af-9272-e466cf76a1d2,"Illustrated Atlas of Harrison County, Iowa, 1884",03d-01,2026-10-01
f0477fbd-f62d-480d-92da-8df41ec80bdd,Shell Rock Falls,03d-01,2026-10-01
f054a4e4-d2b8-40a2-bdd6-755e007b1f2a,Eldon; Kirkville; Highland Center; Keb,03d-01,2026-10-01
f10c4ffa-84a7-446e-b535-7edb896b2078,"Map of Barry County, Michigan",06d-01,2026-10-01
f13204e7-96a5-49b5-a167-846275e3d947,"Plat book of Kossuth County, Iowa",03d-01,2026-10-01
f1b57f24-d474-4493-90e1-d3c25f39b65b,"An Illustrated Historical Atlas of Des Moines County, Iowa, 1873",03d-01,2026-10-01
f200b53f-1964-4016-b8df-bd2b007c45d0,"Atlas of Marion County, Iowa, 1901",03d-01,2026-10-01
f235296e-e860-4d76-b452-28002eea73f8,Map of Monroe Township,03d-01,2026-10-01
f25ba543-0358-45f3-b422-591122603299,"Atlas of Sioux County, Iowa, circa 1928",03d-01,2026-10-01
f2780816-ac87-4660-84e4-64d3c7cabe48,"Plat Book of Humboldt County, Iowa, 1896",03d-01,2026-10-01
f38ca663-81f8-485c-aba3-b983b5bd5ce5,"Official highway map, Cass County, Michigan",06d-01,2026-10-01
f3c17da0-c75e-4173-b647-29a30cbb8bad,"Atlas of Greene County, Iowa, 1909",03d-01,2026-10-01
f42da5d5-1409-41c4-959d-bdd8cbb723bc,"Republican Atlas of Boone County, Iowa, 1902",03d-01,2026-10-01
f44abf74-87d2-48c7-a45d-ff0341f75650,"Davenport, Iowa",03d-01,2026-10-01
f54cbf44-6a39-464c-a0a5-a5b29e01994c,"Atlas of Harrison County, Iowa, 1922",03d-01,2026-10-01
f5ca2a7d-3405-4600-8ecd-533f2e3309ac,Map of Riverside Township,03d-01,2026-10-01
f5e36da2-4ced-447a-a6b5-454cb288751f,Spend your vacation in the Thumb of Michigan,06d-01,2026-10-01
f60f64b4-c8e5-41fb-b477-fdeb84d1cd65,"Atlas of Henry County, Iowa, 1931",03d-01,2026-10-01
f632c013-d979-4ac8-9642-244619b0c75a,"Atlas of Chickasaw County, Iowa, 1915",03d-01,2026-10-01
f6a308e0-1996-484a-a6e9-64b687ed9e8b,"Plat Book of Clayton County, Iowa, 1886",03d-01,2026-10-01
f6aa2049-0254-4de9-bce3-69334a7ee455,Map of Center Township; Map of Agency Township,03d-01,2026-10-01
f6d3ee84-5498-4b5f-b03e-b6d5a0e372d2,Zwingle; Sylva,03d-01,2026-10-01
f71d58b3-e23d-4592-8d88-5ae6723a4abe,Topographical map of Marshall County Iowa,03d-01,2026-10-01
f73c9248-fc6f-4051-a633-3bcf05c34766,Topographical map of Keokuk County Iowa,03d-01,2026-10-01
f74af2eb-3aa7-4756-8c5f-21805d5aaca7,"Standard atlas of O'Brien County, Iowa, 1911",03d-01,2026-10-01
f7966070-746d-4046-b9e0-6cdc128d607b,Topographical map of Dickinson County Iowa,03d-01,2026-10-01
f8622ad0-e870-4912-b21f-8d98e6d70cbb,Part of the city of Ottumwa and environs Section 24,03d-01,2026-10-01
f9380d0d-a711-43dd-9c76-5aaf41fc6174,"Plat book of Henry County, Iowa",03d-01,2026-10-01
f94ca9b0-add0-4e63-9214-1fb6942bf8fc,Sketch of the public surveys in Michigan,06d-01,2026-10-01
f977d4fb-75be-4393-ad8c-3c07e69015ee,"Atlas of Benton County, Iowa, 1917",03d-01,2026-10-01
f98707ad-284e-4a95-98cd-d40ce7b6ed41,Plat of Center Township,03d-01,2026-10-01
f9c7e6e9-d867-43a6-a5b7-ca4d1c4c9ce4,Gray's new map of the United States,03d-01,2026-10-01
f9dd09a4-7ca5-47fb-9c46-cb3fd3ee4d8e,"Combination atlas map of Johnson County, Iowa, 1870",03d-01,2026-10-01
f9e7dc5d-b809-4317-a8d9-16da59567599,Map of West Fork Township,03d-01,2026-10-01
fa72b698-0b19-45a4-b358-3b5cf7e347eb,Map of White Cloud Township,03d-01,2026-10-01
fa796373-60f5-41f6-b716-1851e1ee4ad5,Luxemburg,03d-01,2026-10-01
fabe0778-b1e3-491b-8bfc-ab98a3d03ac3,Map of Hardin Township,03d-01,2026-10-01
facd27c9-7a68-4a79-adc3-52a406bacd4e,General highway map,06d-01,2026-10-01
fae6992f-c953-44e3-83fa-47493570911a,"Plat Book of Butler County, Iowa, 1895",03d-01,2026-10-01
fb0d8698-6572-4e18-af09-52ea0413568e,"Atlas and Plat Book of Calhoun County, Iowa, 1920",03d-01,2026-10-01
fbf48284-c925-4662-9023-17c9f27e28bd,"Plat Book of Chickasaw County, Iowa, 1892",03d-01,2026-10-01
fc902ca3-e022-44b1-8699-f81a00cb004f,Iowa,03d-01,2026-10-01
fd143efb-c0ab-467e-afe6-be4ac77d5f3b,Topographical map of Guthrie County Iowa,03d-01,2026-10-01
fdaa70aa-1125-4395-8ebb-c9306fc82257,"Plat book of Mills County, Iowa",03d-01,2026-10-01
fdc55d95-e261-475a-a9a9-56edd63e9c98,Topographical map of Webster County Iowa,03d-01,2026-10-01
fdde4585-0261-43ad-9535-c5da87937e69,"Outline map of Emmet County, Iowa",03d-01,2026-10-01
fde0ca54-3e84-4037-a69e-60f632610eba,"Standard Historical Atlas of Hamilton County, Iowa, 1918",03d-01,2026-10-01
fde54d39-45b0-4cda-a83c-d3781f54158f,Topographical map of Lucas County Iowa,03d-01,2026-10-01
fde8d3e7-0ab9-42ea-b4db-b52ab99864e2,"Atlas of Johnson County, Iowa, 1934",03d-01,2026-10-01
fdfaf75e-8656-4a9b-9c98-6081ddfc97c9,Map of Washington Township,03d-01,2026-10-01
fe09e8ea-4e55-4ca9-a773-1b653d71a4c7,Michigan territory,06d-01,2026-10-01
fe354db0-f7e6-4de3-9a69-141782d75634,"Standard atlas of Audubon County, Iowa, 1900",03d-01,2026-10-01
fe392976-4900-4ef0-bcd8-5ebaa2991edb,"Plat book of Story County, Iowa",03d-01,2026-10-01
fe8b3472-0546-4b9b-8254-d3a5c7f9fe36,"Atlas of Fremont County, Iowa, 1920",03d-01,2026-10-01
ff02ef16-0f78-4e8b-842a-7e907d0c0b76,"Official map of Alcona County, Michigan",06d-01,2026-10-01
ff05cc6c-b2a4-450a-a126-d85e8a1146da,"Plat book of Marshall County, Iowa",03d-01,2026-10-01
ff0cc1eb-acdc-4b0e-8e02-f43235d851b5,United States,03d-01,2026-10-01
ff3b0d29-286e-43db-9147-9bca31022140,"Plat book of Humboldt County, Iowa",03d-01,2026-10-01
ff60c254-fa8e-4c06-a784-5b295ec02ab7,Imogene,03d-01,2026-10-01
mdl_nemhc-id-2740,Map of Duluth: C. P. Frank's Real Estate Atlas of Duluth Minnesota 1902 Plate 41,05d-13,2026-10-01
mdl_nemhc-id-2741,Map of Duluth: C. P. Frank's Real Estate Atlas of Duluth Minnesota 1902 Plate 48,05d-13,2026-10-01
mdl_nemhc-id-2742,Map of Duluth: C. P. Frank's Real Estate Atlas of Duluth Minnesota 1902 Plate 30,05d-13,2026-10-01
mdl_nemhc-id-2743,Map of Duluth: C. P. Frank's Real Estate Atlas of Duluth Minnesota 1902 Plate 32,05d-13,2026-10-01
mdl_nemhc-id-2744,Map of Duluth: C. P. Frank's Real Estate Atlas of Duluth Minnesota 1902 Plate 24,05d-13,2026-10-01
mdl_nemhc-id-2745,Map of Duluth: C. P. Frank's Real Estate Atlas of Duluth Minnesota 1902 Plate 25,05d-13,2026-10-01
mdl_nemhc-id-2746,Map of Duluth: C. P. Frank's Real Estate Atlas of Duluth Minnesota 1902 Plate 19,05d-13,2026-10-01
mdl_nemhc-id-2747,Map of Duluth: C. P. Frank's Real Estate Atlas of Duluth Minnesota 1902 Plate 22,05d-13,2026-10-01
mdl_nemhc-id-2748,Map of Duluth: C. P. Frank's Real Estate Atlas of Duluth Minnesota 1902 Plate 2,05d-13,2026-10-01
mdl_nemhc-id-2749,Map of Duluth: C. P. Frank's Real Estate Atlas of Duluth Minnesota 1902 Plate 9,05d-13,2026-10-01
mdl_nemhc-id-2750,Map of Duluth: Hunter's Park,05d-13,2026-10-01
mdl_nemhc-id-2751,Map of Duluth: C. P. Frank's Real Estate Atlas of Duluth Minnesota 1902 Plate 1,05d-13,2026-10-01
mdl_nemhc-id-2752,"Map of Duluth: Morgan Park, Duluth Minnesota",05d-13,2026-10-01
mdl_nemhc-id-2754,"Map of Duluth: Duluth-Superior Minnesota ""Twin Ports"" Wisconsin",05d-13,2026-10-01
mdl_nemhc-id-2755,"Map of Duluth: Duluth Superior Transit Company Present Route Followed Since April 4, 1941, Old Route Followed Prior to April 4, 1941",05d-13,2026-10-01
mdl_nemhc-id-2756,"Map of the central portion of Duluth, Minnesota",05d-13,2026-10-01
mdl_nemhc-id-2757,Map of Duluth: Duluth and Northwest to Highway 63,05d-13,2026-10-01
mdl_nemhc-id-2758,"Map of Duluth: Lots and Acres in Glen Avon, Woodland and Hunter's Park",05d-13,2026-10-01
mdl_nemhc-id-2759,Map of Duluth: Glen Avon - Hunter's Park Area,05d-13,2026-10-01
mdl_nemhc-id-2760,Map of Duluth: 1990 Census Neighborhood Areas,05d-13,2026-10-01
mdl_nemhc-id-2761,"Map of Duluth: City of Duluth Map of Election Districts Adopted by the City Council March 22, 1920",05d-13,2026-10-01
mdl_nemhc-id-2762,"Map of Duluth: Outline Tracing of lake Survey Chart West-end of Fond du lac Lake Superior & 1861-63 Embracing the Survey of Capt. Jas. W. Cuyler U. S. Eng'rs, in Aug. 1869",05d-13,2026-10-01
mdl_nemhc-id-2764,"Map of Duluth: Crescent View Park, Duluth, Minnesota",05d-13,2026-10-01
mdl_nemhc-id-2765,"Map of Duluth: Duluth-Superior Harbor Chart No. 966, Duluth, Minnesota",05d-13,2026-10-01
mdl_nemhc-id-2766,"City of Duluth 1865, Duluth, Minnesota",05d-13,2026-10-01
mdl_nemhc-id-2767,Map of Duluth: Duluth and Vicinity Showing R. F. D. Routes,05d-13,2026-10-01
mdl_nemhc-id-2769,Map of Duluth: First Division of Lester Park,05d-13,2026-10-01
mdl_nemhc-id-2772,Map of Duluth: Messers Henry and Martin Block Plan Proposed Mill Site Lot 3 Sec 4 T43 R14W Rice's Point Duluth Minn,05d-13,2026-10-01
mdl_nemhc-id-2773,Map of Duluth: Part of T49 R14 Showing Original Plat of Oneota 1856,05d-13,2026-10-01
mdl_nemhc-id-2775,Map of Duluth: City Planning Commission Plat and Land Use Map,05d-13,2026-10-01
mdl_nemhc-id-2781,Waverly Park An Ideal Site for an Ideal Home In an Ideal Part of the City. To See is to be Convinced. Take Hunters Park or Woodland Car To Hardy Street.,05d-13,2026-10-01
mdl_nemhc-id-2784,"Map of Duluth (Minnesota) and Superior (Wisconsin) showing lines of The Duluth Street Railway Company, Duluth, Minnesota",05d-13,2026-10-01
mdl_nemhc-id-2787,Map of Duluth: Bus Guide and City Map,05d-13,2026-10-01
mdl_nemhc-id-2790,Map of Duluth: See The Twin Ports by Electric Car and DeLuxe Coach,05d-13,2026-10-01
mdl_nemhc-id-2793,"Souvenir Map and Bus Guide, Duluth-Superior Transit Company, Duluth, Minnesota",05d-13,2026-10-01
mdl_nemhc-id-2799,Map of Duluth: In and Out of Duluth,05d-13,2026-10-01
mdl_nemhc-id-2802,Map of Duluth: Pictorial and street index map of DULUTH,05d-13,2026-10-01
mdl_nemhc-id-2805,Map of Duluth: Norton's Fairmount Park Division of Duluth,05d-13,2026-10-01
mdl_nemhc-id-2808,Map of Duluth: Map Showing Duluth's Highland Boulevard,05d-13,2026-10-01
mdl_nemhc-id-2811,"Map of Duluth: Map of Spring Garden Duluth Minnesota in Sections 28, 29, 30, and 31 T51R13",05d-13,2026-10-01
mdl_nemhc-id-2814,Map of Duluth: Map of Gary Duluth Minnesota The Home of The Big Minnesota Steel Industry,05d-13,2026-10-01
ui_30219,"Map of the city of Burlington, Des Moines County, Iowa, 1897",03d-01,2026-10-01
ui_api_100,"Keokuk County, Iowa, 1957, aerial photomosaic index",03d-01,2026-10-01
ui_api_1001,"Fayette County, Iowa, 1937, aerial photomosaic index",03d-01,2026-10-01
ui_api_101,"Linn County, Iowa, 1940, aerial photomosaic index",03d-01,2026-10-01
ui_api_1014,"Dubuque County, Iowa, 1937, aerial photomosaic index",03d-01,2026-10-01
ui_api_102,"Linn County, Iowa, 1952, aerial photomosaic index",03d-01,2026-10-01
ui_api_1021,"Monroe County, Iowa, 1937, aerial photomosaic index",03d-01,2026-10-01
ui_api_1024,"Sioux County, Iowa, 1938, aerial photomosaic index",03d-01,2026-10-01
ui_api_1029,"Louisa County, Iowa, 1963, aerial photomosaic index",03d-01,2026-10-01
ui_api_103,"Linn County, Iowa, 1957, aerial photomosaic index",03d-01,2026-10-01
ui_api_1034,"Madison County, Iowa, 1967, aerial photomosaic index",03d-01,2026-10-01
ui_api_1037,"Woodbury County, Iowa, 1938, aerial photomosaic index",03d-01,2026-10-01
ui_api_104,"Louisa County, Iowa, 1941, aerial photomosaic index",03d-01,2026-10-01
ui_api_1047,"Howard County, Iowa, 1938, aerial photomosaic index",03d-01,2026-10-01
ui_api_105,"Lucas County, Iowa, 1941, aerial photomosaic index",03d-01,2026-10-01
ui_api_1053,"Jackson County, Iowa, 1940, aerial photomosaic index",03d-01,2026-10-01
ui_api_106,"Lucas County, Iowa, 1950, aerial photomosaic index",03d-01,2026-10-01
ui_api_1066,"Benton County, Iowa, 1937, aerial photomosaic index",03d-01,2026-10-01
ui_api_107,"Lucas County, Iowa, 1955, aerial photomosaic index",03d-01,2026-10-01
ui_api_1076,"Wayne County, Iowa, 1937, aerial photomosaic index",03d-01,2026-10-01
ui_api_108,"Madison County, Iowa, 1938, aerial photomosaic index",03d-01,2026-10-01
ui_api_1081,"Jackson County, Iowa, 1952, aerial photomosaic index",03d-01,2026-10-01
ui_api_1086,"Fremont County, Iowa, 1966, aerial photomosaic index",03d-01,2026-10-01
ui_api_109,"Madison County, Iowa, 1948, aerial photomosaic index",03d-01,2026-10-01
ui_api_1091,"Jasper County, Iowa, 1936, aerial photomosaic index",03d-01,2026-10-01
ui_api_1096,"Taylor County, Iowa, 1966, aerial photomosaic index",03d-01,2026-10-01
ui_api_110,"Madison County, Iowa, 1954, aerial photomosaic index",03d-01,2026-10-01
ui_api_1106,"Louisa County, Iowa, 1937, aerial photomosaic index",03d-01,2026-10-01
ui_api_111,"Mahaska County, Iowa, 1938, aerial photomosaic index",03d-01,2026-10-01
ui_api_1111,"Buchanan County, Iowa, 1936, aerial photomosaic index",03d-01,2026-10-01
ui_api_1116,"Iowa County, Iowa, 1936, aerial photomosaic index",03d-01,2026-10-01
ui_api_112,"Mahaska County, Iowa, 1951, aerial photomosaic index",03d-01,2026-10-01
ui_api_1126,"Van Buren County, Iowa, 1937, aerial photomosaic index",03d-01,2026-10-01
ui_api_1129,"Adams County, Iowa, 1966, aerial photomosaic index",03d-01,2026-10-01
ui_api_113,"Marion County, Iowa, 1938, aerial photomosaic index",03d-01,2026-10-01
ui_api_1134,"Jones County, Iowa, 1964, aerial photomosaic index",03d-01,2026-10-01
ui_api_1137,"Crawford County, Iowa, 1938, aerial photomosaic index",03d-01,2026-10-01
ui_api_114,"Marion County, Iowa, 1950, aerial photomosaic index",03d-01,2026-10-01
ui_api_1142,"Cerro Gordo County, Iowa, 1965, aerial photomosaic index",03d-01,2026-10-01
ui_api_1147,"Clay County, Iowa, 1962, aerial photomosaic index",03d-01,2026-10-01
ui_api_115,"Marion County, Iowa, 1955, aerial photomosaic index",03d-01,2026-10-01
ui_api_1152,"Story County, Iowa, 1965, aerial photomosaic index",03d-01,2026-10-01
ui_api_1157,"Lee County, Iowa, 1963, aerial photomosaic index",03d-01,2026-10-01
ui_api_116,"Marshall County, Iowa, 1939, aerial photomosaic index",03d-01,2026-10-01
ui_api_1162,"Monona County, Iowa, 1949, aerial photomosaic index",03d-01,2026-10-01
ui_api_1167,"Butler County, Iowa, 1964, aerial photomosaic index",03d-01,2026-10-01
ui_api_117,"Marshall County, Iowa, 1952, aerial photomosaic index",03d-01,2026-10-01
ui_api_1172,"Allamakee County, Iowa, 1964, aerial photomosaic index",03d-01,2026-10-01
ui_api_1177,"Monona County, Iowa, 1960, aerial photomosaic index",03d-01,2026-10-01
ui_api_118,"Marshall County, Iowa, 1958, aerial photomosaic index",03d-01,2026-10-01
ui_api_1182,"Wright County, Iowa, 1965, aerial photomosaic index",03d-01,2026-10-01
ui_api_119,"Mills County, Iowa, 1938, aerial photomosaic index",03d-01,2026-10-01
ui_api_1192,"Decatur County, Iowa, 1937, aerial photomosaic index",03d-01,2026-10-01
ui_api_1197,"Keokuk County, Iowa, 1963, aerial photomosaic index",03d-01,2026-10-01
ui_api_120,"Mills County, Iowa, 1950, aerial photomosaic index",03d-01,2026-10-01
ui_api_1200,"Plymouth County, Iowa, 1938, aerial photomosaic index",03d-01,2026-10-01
ui_api_1207,"Plymouth County, Iowa, 1955, aerial photomosaic index",03d-01,2026-10-01
ui_api_121,"Mills County, Iowa, 1955, aerial photomosaic index",03d-01,2026-10-01
ui_api_1210,"Webster County, Iowa, 1939, aerial photomosaic index",03d-01,2026-10-01
ui_api_1215,"Woodbury County, Iowa, 1955, aerial photomosaic index",03d-01,2026-10-01
ui_api_122,"Mills County, Iowa, 1960, aerial photomosaic index",03d-01,2026-10-01
ui_api_1220,"Tama County, Iowa, 1951, aerial photomosaic index",03d-01,2026-10-01
ui_api_1225,"Dubuque County, Iowa, 1957, aerial photomosaic index",03d-01,2026-10-01
ui_api_123,"Mitchell County, Iowa, 1939, aerial photomosaic index",03d-01,2026-10-01
ui_api_1230,"Adair County, Iowa, 1961, aerial photomosaic index",03d-01,2026-10-01
ui_api_124,"Mitchell County, Iowa, 1952, aerial photomosaic index",03d-01,2026-10-01
ui_api_1240,"Johnson County, Iowa, 1937, aerial photomosaic index",03d-01,2026-10-01
ui_api_1245,"Plymouth County, Iowa, 1962, aerial photomosaic index",03d-01,2026-10-01
ui_api_125,"Mitchell County, Iowa, 1957, aerial photomosaic index",03d-01,2026-10-01
ui_api_1250,"Monroe County, Iowa, 1967, aerial photomosaic index",03d-01,2026-10-01
ui_api_1255,"Page County, Iowa, 1966, aerial photomosaic index",03d-01,2026-10-01
ui_api_126,"Monroe County, Iowa, 1941, aerial photomosaic index",03d-01,2026-10-01
ui_api_1260,"Hardin County, Iowa, 1965, aerial photomosaic index",03d-01,2026-10-01
ui_api_1265,"Poweshiek County, Iowa, 1963, aerial photomosaic index",03d-01,2026-10-01
ui_api_127,"Monroe County, Iowa, 1950, aerial photomosaic index",03d-01,2026-10-01
ui_api_1270,"Iowa County, Iowa, 1963, aerial photomosaic index",03d-01,2026-10-01
ui_api_1275,"Clayton County, Iowa, 1957, aerial photomosaic index",03d-01,2026-10-01
ui_api_128,"Monroe County, Iowa, 1955, aerial photomosaic index",03d-01,2026-10-01
ui_api_1280,"Hamilton County, Iowa, 1965, aerial photomosaic index",03d-01,2026-10-01
ui_api_1283,"Humboldt County, Iowa, 1965, aerial photomosaic index",03d-01,2026-10-01
ui_api_1287,"Louisa County, Iowa, 1957, aerial photomosaic index",03d-01,2026-10-01
ui_api_129,"Montgomery County, Iowa, 1938, aerial photomosaic index",03d-01,2026-10-01
ui_api_1291,"Des Moines County, Iowa, 1963, aerial photomosaic index",03d-01,2026-10-01
ui_api_1296,"O'Brien County, Iowa, 1962, aerial photomosaic index",03d-01,2026-10-01
ui_api_130,"Montgomery County, Iowa, 1950, aerial photomosaic index",03d-01,2026-10-01
ui_api_1301,"Linn County, Iowa, 1964, aerial photomosaic index",03d-01,2026-10-01
ui_api_1306,"Guthrie County, Iowa, 1961, aerial photomosaic index",03d-01,2026-10-01
ui_api_131,"Montgomery County, Iowa, 1955, aerial photomosaic index",03d-01,2026-10-01
ui_api_1317,"Appanoose County, Iowa, 1937, aerial photomosaic index",03d-01,2026-10-01
ui_api_132,"Montgomery County, Iowa, 1960, aerial photomosaic index",03d-01,2026-10-01
ui_api_1322,"Johnson County, Iowa, 1963, aerial photomosaic index",03d-01,2026-10-01
ui_api_1327,"Clayton County, Iowa, 1940, aerial photomosaic index",03d-01,2026-10-01
ui_api_133,"Muscatine County, Iowa, 1951, aerial photomosaic index",03d-01,2026-10-01
ui_api_1332,"Clayton County, Iowa, 1952, aerial photomosaic index",03d-01,2026-10-01
ui_api_1337,"Mitchell County, Iowa, 1964, aerial photomosaic index",03d-01,2026-10-01
ui_api_134,"Muscatine County, Iowa, 1957, aerial photomosaic index",03d-01,2026-10-01
ui_api_1342,"Greene County, Iowa, 1965, aerial photomosaic index",03d-01,2026-10-01
ui_api_1345,"Kossuth County, Iowa, 1939, aerial photomosaic index",03d-01,2026-10-01
ui_api_1348,"Lyon County, Iowa, 1938, aerial photomosaic index",03d-01,2026-10-01
ui_api_135,"O'Brien County, Iowa, 1938, aerial photomosaic index",03d-01,2026-10-01
ui_api_1358,"Van Buren County, Iowa, 1937, aerial photomosaic index",03d-01,2026-10-01
ui_api_136,"O'Brien County, Iowa, 1949, aerial photomosaic index",03d-01,2026-10-01
ui_api_1361,"Osceola County, Iowa, 1962, aerial photomosaic index",03d-01,2026-10-01
ui_api_137,"O'Brien County, Iowa, 1954, aerial photomosaic index",03d-01,2026-10-01
ui_api_1371,"Jefferson County, Iowa, 1937, aerial photomosaic index",03d-01,2026-10-01
ui_api_1376,"Sioux County, Iowa, 1962, aerial photomosaic index",03d-01,2026-10-01
ui_api_138,"Osceola County, Iowa, 1938, aerial photomosaic index",03d-01,2026-10-01
ui_api_1381,"Lyon County, Iowa, 1962, aerial photomosaic index",03d-01,2026-10-01
ui_api_139,"Osceola County, Iowa, 1949, aerial photomosaic index",03d-01,2026-10-01
ui_api_140,"Page County, Iowa, 1938, aerial photomosaic index",03d-01,2026-10-01
ui_api_141,"Page County, Iowa, 1950, aerial photomosaic index",03d-01,2026-10-01
ui_api_1412,"Appanoose County, Iowa, 1974, aerial photomosaic index",03d-01,2026-10-01
ui_api_1413,"Black Hawk County, Iowa, 1974, aerial photomosaic index",03d-01,2026-10-01
ui_api_1414,"Boone County, Iowa, 1971, aerial photomosaic index",03d-01,2026-10-01
ui_api_1415,"Boone County, Iowa, 1976, aerial photomosaic index",03d-01,2026-10-01
ui_api_1416,"Buchanan County, Iowa, 1972, aerial photomosaic index",03d-01,2026-10-01
ui_api_1417,"Buena Vista County, Iowa, 1974, aerial photomosaic index",03d-01,2026-10-01
ui_api_1418,"Butler County, Iowa, 1972, aerial photomosaic index",03d-01,2026-10-01
ui_api_1419,"Calhoun County, Iowa, 1976, aerial photomosaic index",03d-01,2026-10-01
ui_api_142,"Page County, Iowa, 1960, aerial photomosaic index",03d-01,2026-10-01
ui_api_1420,"Carroll County, Iowa, 1976, aerial photomosaic index",03d-01,2026-10-01
ui_api_1421,"Cherokee County, Iowa, 1979, aerial photomosaic index",03d-01,2026-10-01
ui_api_1422,"Clarke County, Iowa, 1979, aerial photomosaic index",03d-01,2026-10-01
ui_api_1423,"Dallas County, Iowa, 1974, aerial photomosaic index",03d-01,2026-10-01
ui_api_1424,"Dickinson County, Iowa, 1972, aerial photomosaic index",03d-01,2026-10-01
ui_api_1425,"Emmet County, Iowa, 1979, aerial photomosaic index",03d-01,2026-10-01
ui_api_1426,"Fayette County, Iowa, 1974, aerial photomosaic index",03d-01,2026-10-01
ui_api_1428,"Greene County, Iowa, 1976, aerial photomosaic index",03d-01,2026-10-01
ui_api_1429,"Guthrie County, Iowa, 1970, aerial photomosaic index",03d-01,2026-10-01
ui_api_143,"Palo Alto County, Iowa, 1939, aerial photomosaic index",03d-01,2026-10-01
ui_api_1430,"Hamilton County, Iowa, 1976, aerial photomosaic index",03d-01,2026-10-01
ui_api_1431,"Hancock County, Iowa, 1976, aerial photomosaic index",03d-01,2026-10-01
ui_api_1432,"Hardin County, Iowa, 1974, aerial photomosaic index",03d-01,2026-10-01
ui_api_1433,"Harrison County, Iowa, 1972, aerial photomosaic index",03d-01,2026-10-01
ui_api_1434,"Ida County, Iowa, 1981, aerial photomosaic index",03d-01,2026-10-01
ui_api_1435,"Johnson County, Iowa, 1972, aerial photomosaic index",03d-01,2026-10-01
ui_api_1436,"Lee County, Iowa, 1974, aerial photomosaic index",03d-01,2026-10-01
ui_api_1437,"Louisa County, Iowa, 1976, aerial photomosaic index",03d-01,2026-10-01
ui_api_1438,"Mahaska County, Iowa, 1973, aerial photomosaic index",03d-01,2026-10-01
ui_api_1439,"Marion County, Iowa, 1970, aerial photomosaic index",03d-01,2026-10-01
ui_api_144,"Palo Alto County, Iowa, 1953, aerial photomosaic index",03d-01,2026-10-01
ui_api_1440,"Marshall County, Iowa, 1976, aerial photomosaic index",03d-01,2026-10-01
ui_api_1441,"Mills County, Iowa, 1972, aerial photomosaic index",03d-01,2026-10-01
ui_api_1442,"Mitchell County, Iowa, 1971, aerial photomosaic index",03d-01,2026-10-01
ui_api_1444,"O'Brien County, Iowa, 1976, aerial photomosaic index",03d-01,2026-10-01
ui_api_1445,"Osceola County, Iowa, 1976, aerial photomosaic index",03d-01,2026-10-01
ui_api_1446,"Pocahontas County, Iowa, 1976, aerial photomosaic index",03d-01,2026-10-01
ui_api_1447,"Poweshiek County, Iowa, 1972, aerial photomosaic index",03d-01,2026-10-01
ui_api_1448,"Ringgold County, Iowa, 1979, aerial photomosaic index",03d-01,2026-10-01
ui_api_1449,"Sac County, Iowa, 1974, aerial photomosaic index",03d-01,2026-10-01
ui_api_145,"Palo Alto County, Iowa, 1958, aerial photomosaic index",03d-01,2026-10-01
ui_api_1450,"Scott County, Iowa, 1981, aerial photomosaic index",03d-01,2026-10-01
ui_api_1451,"Story County, Iowa, 1976, aerial photomosaic index",03d-01,2026-10-01
ui_api_1452,"Wapello County, Iowa, 1972, aerial photomosaic index",03d-01,2026-10-01
ui_api_1453,"Warren County, Iowa, 1974, aerial photomosaic index",03d-01,2026-10-01
ui_api_1454,"Washington County, Iowa, 1976, aerial photomosaic index",03d-01,2026-10-01
ui_api_1455,"Winnebago County, Iowa, 1976, aerial photomosaic index",03d-01,2026-10-01
ui_api_1456,"Worth County, Iowa, 1971, aerial photomosaic index",03d-01,2026-10-01
ui_api_146,"Pocahontas County, Iowa, 1939, aerial photomosaic index",03d-01,2026-10-01
ui_api_1461,"Sac County, Iowa, 1977, aerial photomosaic index",03d-01,2026-10-01
ui_api_147,"Pocahontas County, Iowa, 1940, aerial photomosaic index",03d-01,2026-10-01
ui_api_1470,"Iowa County, Iowa, 1970, aerial photomosaic index",03d-01,2026-10-01
ui_api_1475,"Humboldt County, Iowa, 1972, aerial photomosaic index",03d-01,2026-10-01
ui_api_148,"Pocahontas County, Iowa, 1953, aerial photomosaic index",03d-01,2026-10-01
ui_api_1482,"Pottawattamie County, Iowa, 1981, aerial photomosaic index",03d-01,2026-10-01
ui_api_1487,"Ida County, Iowa, 1968, aerial photomosaic index",03d-01,2026-10-01
ui_api_149,"Pocahontas County, Iowa, 1958, aerial photomosaic index",03d-01,2026-10-01
ui_api_1492,"Black Hawk County, Iowa, 1970, aerial photomosaic index",03d-01,2026-10-01
ui_api_1497,"Pocahontas County, Iowa, 1972, aerial photomosaic index",03d-01,2026-10-01
ui_api_150,"Polk County, Iowa, 1938, aerial photomosaic index",03d-01,2026-10-01
ui_api_1502,"Tama County, Iowa, 1979, aerial photomosaic index",03d-01,2026-10-01
ui_api_1507,"Hancock County, Iowa, 1972, aerial photomosaic index",03d-01,2026-10-01
ui_api_151,"Polk County, Iowa, 1950, aerial photomosaic index",03d-01,2026-10-01
ui_api_1512,"Guthrie County, Iowa, 1982, aerial photomosaic index",03d-01,2026-10-01
ui_api_1519,"Plymouth County, Iowa, 1978, aerial photomosaic index",03d-01,2026-10-01
ui_api_152,"Polk County, Iowa, 1955, aerial photomosaic index",03d-01,2026-10-01
ui_api_1524,"Clarke County, Iowa, 1974, aerial photomosaic index",03d-01,2026-10-01
ui_api_1529,"Lee County, Iowa, 1978, aerial photomosaic index",03d-01,2026-10-01
ui_api_153,"Poweshiek County, Iowa, 1941, aerial photomosaic index",03d-01,2026-10-01
ui_api_1534,"Jones County, Iowa, 1970, aerial photomosaic index",03d-01,2026-10-01
ui_api_154,"Poweshiek County, Iowa, 1951, aerial photomosaic index",03d-01,2026-10-01
ui_api_1540,"Woodbury County, Iowa, 1973, aerial photomosaic index",03d-01,2026-10-01
ui_api_1545,"Winnebago County, Iowa, 1972, aerial photomosaic index",03d-01,2026-10-01
ui_api_155,"Poweshiek County, Iowa, 1956, aerial photomosaic index",03d-01,2026-10-01
ui_api_1550,"Greene County, Iowa, 1972, aerial photomosaic index",03d-01,2026-10-01
ui_api_1556,"Clinton County, Iowa, 1979, aerial photomosaic index",03d-01,2026-10-01
ui_api_156,"Ringgold County, Iowa, 1938, aerial photomosaic index",03d-01,2026-10-01
ui_api_1561,"Palo Alto County, Iowa, 1981, aerial photomosaic index",03d-01,2026-10-01
ui_api_1566,"Floyd County, Iowa, 1979, aerial photomosaic index",03d-01,2026-10-01
ui_api_157,"Ringgold County, Iowa, 1947, aerial photomosaic index",03d-01,2026-10-01
ui_api_1571,"Carroll County, Iowa, 1968, aerial photomosaic index",03d-01,2026-10-01
ui_api_1575,"Des Moines County, Iowa, 1969, aerial photomosaic index",03d-01,2026-10-01
ui_api_158,"Ringgold County, Iowa, 1954, aerial photomosaic index",03d-01,2026-10-01
ui_api_1580,"Ringgold County, Iowa, 1973, aerial photomosaic index",03d-01,2026-10-01
ui_api_1584,"Audubon County, Iowa, 1968, aerial photomosaic index",03d-01,2026-10-01
ui_api_1589,"Humboldt County, Iowa, 1980, aerial photomosaic index",03d-01,2026-10-01
ui_api_159,"Ringgold County, Iowa, 1960, aerial photomosaic index",03d-01,2026-10-01
ui_api_1594,"Allamakee County, Iowa, 1971, aerial photomosaic index",03d-01,2026-10-01
ui_api_1599,"Fayette County, Iowa, 1979, aerial photomosaic index",03d-01,2026-10-01
ui_api_160,"Sac County, Iowa, 1939, aerial photomosaic index",03d-01,2026-10-01
ui_api_1604,"Delaware County, Iowa, 1979, aerial photomosaic index",03d-01,2026-10-01
ui_api_1609,"Madison County, Iowa, 1974, aerial photomosaic index",03d-01,2026-10-01
ui_api_161,"Sac County, Iowa, 1949, aerial photomosaic index",03d-01,2026-10-01
ui_api_1614,"Page County, Iowa, 1973, aerial photomosaic index",03d-01,2026-10-01
ui_api_1619,"Poweshiek County, Iowa, 1979, aerial photomosaic index",03d-01,2026-10-01
ui_api_162,"Sac County, Iowa, 1954, aerial photomosaic index",03d-01,2026-10-01
ui_api_1624,"Floyd County, Iowa, 1971, aerial photomosaic index",03d-01,2026-10-01
ui_api_1629,"Cass County, Iowa, 1974, aerial photomosaic index",03d-01,2026-10-01
ui_api_163,"Scott County, Iowa, 1951, aerial photomosaic index",03d-01,2026-10-01
ui_api_1634,"Iowa County, Iowa, 1979, aerial photomosaic index",03d-01,2026-10-01
ui_api_164,"Shelby County, Iowa, 1938, aerial photomosaic index",03d-01,2026-10-01
ui_api_1640,"Monona County, Iowa, 1981, aerial photomosaic index",03d-01,2026-10-01
ui_api_1645,"Black Hawk County, Iowa, 1968, aerial photomosaic index",03d-01,2026-10-01
ui_api_165,"Shelby County, Iowa, 1950, aerial photomosaic index",03d-01,2026-10-01
ui_api_1650,"Clay County, Iowa, 1968, aerial photomosaic index",03d-01,2026-10-01
ui_api_166,"Shelby County, Iowa, 1955, aerial photomosaic index",03d-01,2026-10-01
ui_api_1660,"Harrison County, Iowa, 1981, aerial photomosaic index",03d-01,2026-10-01
ui_api_1665,"Chickasaw County, Iowa, 1979, aerial photomosaic index",03d-01,2026-10-01
ui_api_167,"Story County, Iowa, 1939, aerial photomosaic index",03d-01,2026-10-01
ui_api_1670,"Scott County, Iowa, 1978, aerial photomosaic index",03d-01,2026-10-01
ui_api_1675,"Cerro Gordo County, Iowa, 1970, aerial photomosaic index",03d-01,2026-10-01
ui_api_168,"Story County, Iowa, 1953, aerial photomosaic index",03d-01,2026-10-01
ui_api_1680,"Taylor County, Iowa, 1973, aerial photomosaic index",03d-01,2026-10-01
ui_api_1685,"Buena Vista County, Iowa, 1968, aerial photomosaic index",03d-01,2026-10-01
ui_api_169,"Story County, Iowa, 1958, aerial photomosaic index",03d-01,2026-10-01
ui_api_1690,"Van Buren County, Iowa, 1978, aerial photomosaic index",03d-01,2026-10-01
ui_api_1697,"Lyon County, Iowa, 1978, aerial photomosaic index",03d-01,2026-10-01
ui_api_170,"Tama County, Iowa, 1940, aerial photomosaic index",03d-01,2026-10-01
ui_api_1702,"Muscatine County, Iowa, 1978, aerial photomosaic index",03d-01,2026-10-01
ui_api_1707,"Winneshiek County, Iowa, 1979, aerial photomosaic index",03d-01,2026-10-01
ui_api_171,"Taylor County, Iowa, 1940, aerial photomosaic index",03d-01,2026-10-01
ui_api_1712,"Crawford County, Iowa, 1977, aerial photomosaic index",03d-01,2026-10-01
ui_api_1717,"Keokuk County, Iowa, 1969, aerial photomosaic index",03d-01,2026-10-01
ui_api_172,"Taylor County, Iowa, 1950, aerial photomosaic index",03d-01,2026-10-01
ui_api_1722,"Buchanan County, Iowa, 1970, aerial photomosaic index",03d-01,2026-10-01
ui_api_1727,"Grundy County, Iowa, 1973, aerial photomosaic index",03d-01,2026-10-01
ui_api_173,"Taylor County, Iowa, 1955, aerial photomosaic index",03d-01,2026-10-01
ui_api_1732,"Howard County, Iowa, 1970, aerial photomosaic index",03d-01,2026-10-01
ui_api_1737,"Benton County, Iowa, 1978, aerial photomosaic index",03d-01,2026-10-01
ui_api_174,"Taylor County, Iowa, 1960, aerial photomosaic index",03d-01,2026-10-01
ui_api_1742,"Emmet County, Iowa, 1981, aerial photomosaic index",03d-01,2026-10-01
ui_api_1747,"Lucas County, Iowa, 1977, aerial photomosaic index",03d-01,2026-10-01
ui_api_175,"Union County,  Iowa, 1938, aerial photomosaic index",03d-01,2026-10-01
ui_api_1752,"Hardin County, Iowa, 1980, aerial photomosaic index",03d-01,2026-10-01
ui_api_1757,"Plymouth County, Iowa, 1968, aerial photomosaic index",03d-01,2026-10-01
ui_api_176,"Union County, Iowa, 1947, aerial photomosaic index",03d-01,2026-10-01
ui_api_1761,"Lee County, Iowa, 1969, aerial photomosaic index",03d-01,2026-10-01
ui_api_1766,"Fayette County, Iowa, 1971, aerial photomosaic index",03d-01,2026-10-01
ui_api_177,"Union County, Iowa, 1954, aerial photomosaic index",03d-01,2026-10-01
ui_api_1771,"Bremer County Iowa, 1979, aerial photomosaic index",03d-01,2026-10-01
ui_api_1776,"O'Brien County, Iowa, 1978, aerial photomosaic index",03d-01,2026-10-01
ui_api_178,"Van Buren County, Iowa, 1941, aerial photomosaic index",03d-01,2026-10-01
ui_api_1781,"Chickasaw County, Iowa, 1971, aerial photomosaic index",03d-01,2026-10-01
ui_api_1786,"Adair County, Iowa, 1982, aerial photomosaic index",03d-01,2026-10-01
ui_api_179,"Van Buren County, Iowa, 1951, aerial photomosaic index",03d-01,2026-10-01
ui_api_1791,"Hamilton County, Iowa, 1980, aerial photomosaic index",03d-01,2026-10-01
ui_api_1796,"Story County, Iowa, 1972, aerial photomosaic index",03d-01,2026-10-01
ui_api_180,"Wapello County, Iowa, 1941, aerial photomosaic index",03d-01,2026-10-01
ui_api_1801,"Grundy County, Iowa, 1971, aerial photomosaic index",03d-01,2026-10-01
ui_api_1806,"Adams County, Iowa, 1974, aerial photomosaic index",03d-01,2026-10-01
ui_api_181,"Wapello County, Iowa, 1951, aerial photomosaic index",03d-01,2026-10-01
ui_api_1811,"Washington County, Iowa, 1978, aerial photomosaic index",03d-01,2026-10-01
ui_api_1816,"Buena Vista County, Iowa, 1978, aerial photomosaic index",03d-01,2026-10-01
ui_api_182,"Warren County, Iowa, 1938, aerial photomosaic index",03d-01,2026-10-01
ui_api_1821,"Delaware County, Iowa, 1970, aerial photomosaic index",03d-01,2026-10-01
ui_api_1826,"Davis County, Iowa, 1978, aerial photomosaic index",03d-01,2026-10-01
ui_api_183,"Warren County, Iowa, 1950, aerial photomosaic index",03d-01,2026-10-01
ui_api_1831,"Palo Alto County, Iowa, 1972, aerial photomosaic index",03d-01,2026-10-01
ui_api_1836,"Hancock County, Iowa, 1980, aerial photomosaic index",03d-01,2026-10-01
ui_api_184,"Warren County, Iowa, 1955, aerial photomosaic index",03d-01,2026-10-01
ui_api_1841,"Shelby County, Iowa, 1977, aerial photomosaic index",03d-01,2026-10-01
ui_api_1846,"Emmet County, Iowa, 1972, aerial photomosaic index",03d-01,2026-10-01
ui_api_185,"Washington County, Iowa, 1951, aerial photomosaic index",03d-01,2026-10-01
ui_api_1851,"Warren County, Iowa, 1982, aerial photomosaic index",03d-01,2026-10-01
ui_api_1856,"Keokuk County, Iowa, 1978, aerial photomosaic index",03d-01,2026-10-01
ui_api_186,"Washington County, Iowa, 1957, aerial photomosaic index",03d-01,2026-10-01
ui_api_1863,"Kossuth County, Iowa, 1980, aerial photomosaic index",03d-01,2026-10-01
ui_api_1868,"Tama County, Iowa, 1970, aerial photomosaic index",03d-01,2026-10-01
ui_api_187,"Wayne County, Iowa, 1941, aerial photomosaic index",03d-01,2026-10-01
ui_api_1873,"Sioux County, Iowa, 1968, aerial photomosaic index",03d-01,2026-10-01
ui_api_1878,"Van Buren County, Iowa, 1969, aerial photomosaic index",03d-01,2026-10-01
ui_api_188,"Wayne County, Iowa, 1950, aerial photomosaic index",03d-01,2026-10-01
ui_api_1883,"Page County, Iowa, 1981, aerial photomosaic index",03d-01,2026-10-01
ui_api_1888,"Fremont County, Iowa, 1981, aerial photomosaic index",03d-01,2026-10-01
ui_api_189,"Wayne County, Iowa, 1955, aerial photomosaic index",03d-01,2026-10-01
ui_api_1893,"Allamakee County, Iowa, 1979, aerial photomosaic index",03d-01,2026-10-01
ui_api_1898,"Greene County, Iowa, 1981, aerial photomosaic index",03d-01,2026-10-01
ui_api_190,"Webster County, Iowa, 1953, aerial photomosaic index",03d-01,2026-10-01
ui_api_1903,"Poweshiek County, Iowa, 1970, aerial photomosaic index",03d-01,2026-10-01
ui_api_1908,"Butler County, Iowa, 1980, aerial photomosaic index",03d-01,2026-10-01
ui_api_191,"Winnebago County, Iowa, 1939, aerial photomosaic index",03d-01,2026-10-01
ui_api_1911,"Bremer County, Iowa, 1971, aerial photomosaic index",03d-01,2026-10-01
ui_api_1916,"Webster County, Iowa, 1981, aerial photomosaic index",03d-01,2026-10-01
ui_api_192,"Winnebago County, Iowa, 1953, aerial photomosaic index",03d-01,2026-10-01
ui_api_1921,"Ida County, Iowa, 1977, aerial photomosaic index",03d-01,2026-10-01
ui_api_1924,"Kossuth County, Iowa, 1975, aerial photomosaic index",03d-01,2026-10-01
ui_api_1929,"Des Moines County, Iowa, 1978, aerial photomosaic index",03d-01,2026-10-01
ui_api_193,"Winnebago County, Iowa, 1958, aerial photomosaic index",03d-01,2026-10-01
ui_api_1934,"Osceola County, Iowa, 1978, aerial photomosaic index",03d-01,2026-10-01
ui_api_1939,"Taylor County, Iowa, 1981, aerial photomosaic index",03d-01,2026-10-01
ui_api_194,"Winneshiek County, Iowa, 1940, aerial photomosaic index",03d-01,2026-10-01
ui_api_1944,"Madison County, Iowa, 1982, aerial photomosaic index",03d-01,2026-10-01
ui_api_1949,"Jefferson County, Iowa, 1978, aerial photomosaic index",03d-01,2026-10-01
ui_api_195,"Winneshiek County, Iowa, 1952, aerial photomosaic index",03d-01,2026-10-01
ui_api_1952,"Calhoun County, Iowa, 1973, aerial photomosaic index",03d-01,2026-10-01
ui_api_1957,"O'Brien County, Iowa, 1968, aerial photomosaic index",03d-01,2026-10-01
ui_api_196,"Winneshiek County, Iowa, 1957, aerial photomosaic index",03d-01,2026-10-01
ui_api_1967,"Marion County, Iowa, 1974, aerial photomosaic index",03d-01,2026-10-01
ui_api_197,"Worth County, Iowa, 1939, aerial photomosaic index",03d-01,2026-10-01
ui_api_1972,"Warren County, Iowa, 1977, aerial photomosaic index",03d-01,2026-10-01
ui_api_1977,"Grundy County, Iowa, 1980, aerial photomosaic index",03d-01,2026-10-01
ui_api_198,"Worth County, Iowa, 1953, aerial photomosaic index",03d-01,2026-10-01
ui_api_1982,"Ringgold County, Iowa, 1981, aerial photomosaic index",03d-01,2026-10-01
ui_api_1987,"Webster County, Iowa, 1972, aerial photomosaic index",03d-01,2026-10-01
ui_api_199,"Worth County, Iowa, 1958, aerial photomosaic index",03d-01,2026-10-01
ui_api_1992,"Clay County, Iowa, 1978, aerial photomosaic index",03d-01,2026-10-01
ui_api_1997,"Cherokee County, Iowa, 1968, aerial photomosaic index",03d-01,2026-10-01
ui_api_200,"Wright County, Iowa, 1939, aerial photomosaic index",03d-01,2026-10-01
ui_api_2002,"Jones County, Iowa, 1979, aerial photomosaic index",03d-01,2026-10-01
ui_api_2007,"Fremont County, Iowa, 1973, aerial photomosaic index",03d-01,2026-10-01
ui_api_201,"Wright County, Iowa, 1953, aerial photomosaic index",03d-01,2026-10-01
ui_api_2012,"Mitchell County, Iowa, 1980, aerial photomosaic index",03d-01,2026-10-01
ui_api_2017,"Decatur County, Iowa, 1977, aerial photomosaic index",03d-01,2026-10-01
ui_api_202,"Wright County, Iowa, 1958, aerial photomosaic index",03d-01,2026-10-01
ui_api_2022,"Linn County, Iowa, 1979, aerial photomosaic index",03d-01,2026-10-01
ui_api_2027,"Franklin County, Iowa, 1978, aerial photomosaic index",03d-01,2026-10-01
ui_api_203,"Adair County, Iowa, 1938, aerial photomosaic index",03d-01,2026-10-01
ui_api_2030,"Osceola County, Iowa, 1968, aerial photomosaic index",03d-01,2026-10-01
ui_api_2035,"Carroll County, Iowa, 1978, aerial photomosaic index",03d-01,2026-10-01
ui_api_204,"Adair County, Iowa, 1948, aerial photomosaic index",03d-01,2026-10-01
ui_api_2040,"Davis County, Iowa, 1969, aerial photomosaic index",03d-01,2026-10-01
ui_api_2045,"Winnebago County, Iowa, 1980, aerial photomosaic index",03d-01,2026-10-01
ui_api_205,"Adair County, Iowa, 1954, aerial photomosaic index",03d-01,2026-10-01
ui_api_2050,"Hamilton County, Iowa, 1972, aerial photomosaic index",03d-01,2026-10-01
ui_api_2055,"Calhoun County, Iowa, 1972, aerial photomosaic index",03d-01,2026-10-01
ui_api_2058,"Clayton County, Iowa, 1972, aerial photomosaic index",03d-01,2026-10-01
ui_api_206,"Adams County, Iowa, 1938, aerial photomosaic index",03d-01,2026-10-01
ui_api_2063,"Louisa County, Iowa, 1978, aerial photomosaic index",03d-01,2026-10-01
ui_api_2068,"Montgomery County, Iowa, 1979, aerial photomosaic index",03d-01,2026-10-01
ui_api_207,"Adams County, Iowa, 1950, aerial photomosaic index",03d-01,2026-10-01
ui_api_2073,"Montgomery County, Iowa, 1973, aerial photomosaic index",03d-01,2026-10-01
ui_api_2078,"Monroe County, Iowa, 1977, aerial photomosaic index",03d-01,2026-10-01
ui_api_208,"Adams County, Iowa, 1955, aerial photomosaic index",03d-01,2026-10-01
ui_api_2083,"Johnson County, Iowa, 1970 aerial photomosaic index",03d-01,2026-10-01
ui_api_2088,"Audubon County, Iowa, 1974, aerial photomosaic index",03d-01,2026-10-01
ui_api_209,"Adams County, Iowa, 1960, aerial photomosaic index",03d-01,2026-10-01
ui_api_2095,"Clinton County, Iowa, 1969, aerial photomosaic index",03d-01,2026-10-01
ui_api_210,"Allamakee County, Iowa, 1938, aerial photomosaic index",03d-01,2026-10-01
ui_api_2102,"Sioux County, Iowa, 1978, aerial photomosaic index",03d-01,2026-10-01
ui_api_2107,"Sac County, Iowa, 1968, aerial photomosaic index",03d-01,2026-10-01
ui_api_211,"Allamakee County, Iowa, 1940, aerial photomosaic index",03d-01,2026-10-01
ui_api_2112,"Worth County, Iowa, 1980, aerial photomosaic index",03d-01,2026-10-01
ui_api_2117,"Washington County, Iowa, 1969, aerial photomosaic index",03d-01,2026-10-01
ui_api_212,"Allamakee County, Iowa, 1952, aerial photomosaic index",03d-01,2026-10-01
ui_api_2122,"Henry County, Iowa, 1978, aerial photomosaic index",03d-01,2026-10-01
ui_api_2127,"Benton County, Iowa, 1969, aerial photomosaic index",03d-01,2026-10-01
ui_api_213,"Allamakee County, Iowa, 1957, aerial photomosaic index",03d-01,2026-10-01
ui_api_2132,"Mills County, Iowa, 1978, aerial photomosaic index",03d-01,2026-10-01
ui_api_2137,"Louisa County, Iowa, 1969, aerial photomosaic index",03d-01,2026-10-01
ui_api_214,"Appanoose County, Iowa, 1941, aerial photomosaic index",03d-01,2026-10-01
ui_api_2140,"Plymouth County, Iowa, 1972, aerial photomosaic index",03d-01,2026-10-01
ui_api_2145,"Crawford County, Iowa, 1968, aerial photomosaic index",03d-01,2026-10-01
ui_api_215,"Appanoose County, Iowa, 1950, aerial photomosaic index",03d-01,2026-10-01
ui_api_2150,"Cerro Gordo County, Iowa, 1980, aerial photomosaic index",03d-01,2026-10-01
ui_api_2155,"Clayton County, Iowa, 1970, aerial photomosaic index",03d-01,2026-10-01
ui_api_216,"Appanoose County, Iowa, 1955, aerial photomosaic index",03d-01,2026-10-01
ui_api_2162,"Pottawattamie County, Iowa, 1973, aerial photomosaic index",03d-01,2026-10-01
ui_api_2167,"Marshall County, Iowa, 1971, aerial photomosaic index",03d-01,2026-10-01
ui_api_217,"Audubon County, Iowa, 1938, aerial photomosaic index",03d-01,2026-10-01
ui_api_2174,"Kossuth County, Iowa, 1973, aerial photomosaic index",03d-01,2026-10-01
ui_api_2179,"Shelby County, Iowa, 1968, aerial photomosaic index",03d-01,2026-10-01
ui_api_218,"Audubon County, Iowa, 1950, aerial photomosaic index",03d-01,2026-10-01
ui_api_2183,"Scott County, Iowa, 1969, aerial photomosaic index",03d-01,2026-10-01
ui_api_2188,"Mahaska County, Iowa, 1969, aerial photomosaic index",03d-01,2026-10-01
ui_api_219,"Audubon County, Iowa, 1955, aerial photomosaic index",03d-01,2026-10-01
ui_api_2191,"Wapello County, Iowa, 1969, aerial photomosaic index",03d-01,2026-10-01
ui_api_2196,"Clarke County, Iowa, 1982, aerial photomosaic index",03d-01,2026-10-01
ui_api_2199,"Lyon County, Iowa, 1968, aerial photomosaic index",03d-01,2026-10-01
ui_api_220,"Black Hawk County, Iowa, 1941, aerial photomosaic index",03d-01,2026-10-01
ui_api_2204,"Jasper County, Iowa, 1982, aerial photomosaic index",03d-01,2026-10-01
ui_api_2209,"Marion County, Iowa, 1982, aerial photomosaic index",03d-01,2026-10-01
ui_api_221,"Black Hawk County, Iowa, 1952, aerial photomosaic index",03d-01,2026-10-01
ui_api_2214,"Dubuque County, Iowa, 1979, aerial photomosaic index",03d-01,2026-10-01
ui_api_2219,"Cedar County, Iowa, 1979, aerial photomosaic index",03d-01,2026-10-01
ui_api_222,"Black Hawk County, Iowa, 1957, aerial photomosaic index",03d-01,2026-10-01
ui_api_2222,"Dickinson County, Iowa, 1968, aerial photomosaic index",03d-01,2026-10-01
ui_api_2228,"Jackson County, Iowa, 1979, aerial photomosaic index",03d-01,2026-10-01
ui_api_223,"Boone County, Iowa, 1939, aerial photomosaic index",03d-01,2026-10-01
ui_api_2233,"Polk County, Iowa, 1982, aerial photomosaic index",03d-01,2026-10-01
ui_api_2236,"Muscatine County, Iowa, 1969, aerial photomosaic index",03d-01,2026-10-01
ui_api_224,"Boone County, Iowa, 1953, aerial photomosaic index",03d-01,2026-10-01
ui_api_2241,"Mahaska County, Iowa, 1978, aerial photomosaic index",03d-01,2026-10-01
ui_api_2246,"Polk County, Iowa, 1974, aerial photomosaic index",03d-01,2026-10-01
ui_api_225,"Boone County, Iowa, 1958, aerial photomosaic index",03d-01,2026-10-01
ui_api_2251,"Union County, Iowa, 1982, aerial photomosaic index",03d-01,2026-10-01
ui_api_2256,"Franklin County, Iowa, 1970, aerial photomosaic index",03d-01,2026-10-01
ui_api_226,"Bremer County, Iowa, 1941, aerial photomosaic index",03d-01,2026-10-01
ui_api_2261,"BlackHawk County, Iowa, 1979, aerial photomosaic index",03d-01,2026-10-01
ui_api_2268,"Woodbury County, Iowa, 1981, aerial photomosaic index",03d-01,2026-10-01
ui_api_227,"Bremer County, Iowa, 1952, aerial photomosaic index",03d-01,2026-10-01
ui_api_2271,"Lyon County, Iowa, 1974, aerial photomosaic index",03d-01,2026-10-01
ui_api_2276,"Dubuque County, Iowa, 1970, aerial photomosaic index",03d-01,2026-10-01
ui_api_228,"Bremer County, Iowa, 1957, aerial photomosaic index",03d-01,2026-10-01
ui_api_2281,"Marshall County, Iowa, 1980, aerial photomosaic index",03d-01,2026-10-01
ui_api_2286,"Johnson County, Iowa, 1979, aerial photomosaic index",03d-01,2026-10-01
ui_api_229,"Buchanan County, Iowa, 1940, aerial photomosaic index",03d-01,2026-10-01
ui_api_2291,"Wapello County, Iowa, 1978, aerial photomosaic index",03d-01,2026-10-01
ui_api_2296,"Clayton County, Iowa, 1979, aerial photomosaic index",03d-01,2026-10-01
ui_api_230,"Buchanan County, Iowa, 1952, aerial photomosaic index",03d-01,2026-10-01
ui_api_2301,"Appanoose County, Iowa, 1977, aerial photomosaic index",03d-01,2026-10-01
ui_api_2306,"Adair County, Iowa, 1974, aerial photomosaic index",03d-01,2026-10-01
ui_api_231,"Buchanan County, Iowa, 1957, aerial photomosaic index",03d-01,2026-10-01
ui_api_2311,"Union County, Iowa, 1974, aerial photomosaic index",03d-01,2026-10-01
ui_api_2314,"Henry County, Iowa, 1969, aerial photomosaic index",03d-01,2026-10-01
ui_api_2319,"Buchanan County, Iowa, 1979, aerial photomosaic index",03d-01,2026-10-01
ui_api_232,"Buena Vista County, Iowa, 1939, aerial photomosaic index",03d-01,2026-10-01
ui_api_2324,"Howard County, Iowa, 1979, aerial photomosaic index",03d-01,2026-10-01
ui_api_233,"Buena Vista County, Iowa, 1949, aerial photomosaic index",03d-01,2026-10-01
ui_api_234,"Buena Vista County, Iowa, 1955, aerial photomosaic index",03d-01,2026-10-01
ui_api_235,"Butler County, Iowa, 1939, aerial photomosaic index",03d-01,2026-10-01
ui_api_2350,"Dickinson County, Iowa, 1968, aerial photomosaic index",03d-01,2026-10-01
ui_api_2355,"Winneshiek County, Iowa, 1971, aerial photomosaic index",03d-01,2026-10-01
ui_api_236,"Butler County, Iowa, 1952, aerial photomosaic index",03d-01,2026-10-01
ui_api_237,"Butler County, Iowa, 1957, aerial photomosaic index",03d-01,2026-10-01
ui_api_2377,"Story County, Iowa, 1980, aerial photomosaic index",03d-01,2026-10-01
ui_api_238,"Calhoun County, Iowa, 1939, aerial photomosaic index",03d-01,2026-10-01
ui_api_2385,"Polk County, Iowa, 1974, aerial photomosaic index",03d-01,2026-10-01
ui_api_239,"Calhoun County, Iowa, 1958, aerial photomosaic index",03d-01,2026-10-01
ui_api_240,"Carroll County, Iowa, 1939, aerial photomosaic index",03d-01,2026-10-01
ui_api_2405,"Calhoun County, Iowa, 1981, aerial photomosaic index",03d-01,2026-10-01
ui_api_241,"Carroll County, Iowa, 1950, aerial photomosaic index",03d-01,2026-10-01
ui_api_242,"Carroll County, Iowa, 1955, aerial photomosaic index",03d-01,2026-10-01
ui_api_2420,"Boone County, Iowa, 1980, aerial photomosaic index",03d-01,2026-10-01
ui_api_2425,"Shelby County, Iowa, 1968, aerial photomosaic index",03d-01,2026-10-01
ui_api_243,"Cass County, Iowa, 1940, aerial photomosaic index",03d-01,2026-10-01
ui_api_2430,"Wayne County, Iowa, 1977, aerial photomosaic index",03d-01,2026-10-01
ui_api_244,"Cass County, Iowa, 1950, aerial photomosaic index",03d-01,2026-10-01
ui_api_245,"Cass County, Iowa, 1955, aerial photomosaic index",03d-01,2026-10-01
ui_api_2458,"Linn County, Iowa, 1970, aerial photomosaic index",03d-01,2026-10-01
ui_api_246,"Cass County, Iowa, 1960, aerial photomosaic index",03d-01,2026-10-01
ui_api_247,"Cedar County, Iowa, 1940, aerial photomosaic index",03d-01,2026-10-01
ui_api_248,"Cedar County, Iowa, 1951, aerial photomosaic index",03d-01,2026-10-01
ui_api_2486,"Jasper County, Iowa, 1974, aerial photomosaic index",03d-01,2026-10-01
ui_api_249,"Cerro Gordo County, Iowa, 1939, aerial photomosaic index",03d-01,2026-10-01
ui_api_2496,"Dickinson County, Iowa, 1978, aerial photomosaic index",03d-01,2026-10-01
ui_api_250,"Cerro Gordo County, Iowa, 1953, aerial photomosaic index",03d-01,2026-10-01
ui_api_2505,"Wright County, Iowa, 1980, aerial photomosaic index",03d-01,2026-10-01
ui_api_251,"Cerro Gordo County, Iowa, 1958, aerial photomosaic index",03d-01,2026-10-01
ui_api_2515,"Guthrie County, Iowa, 1974, aerial photomosaic index",03d-01,2026-10-01
ui_api_252,"Cherokee County, Iowa, 1938, aerial photomosaic index",03d-01,2026-10-01
ui_api_2520,"Cass County, Iowa, 1982, aerial photomosaic index",03d-01,2026-10-01
ui_api_253,"Cherokee County, Iowa, 1949, aerial photomosaic index",03d-01,2026-10-01
ui_api_254,"Cherokee County, Iowa, 1955, aerial photomosaic index",03d-01,2026-10-01
ui_api_2540,"Hardin County, Iowa, 1971, aerial photomosaic index",03d-01,2026-10-01
ui_api_255,"Chickasaw County, Iowa, 1941, aerial photomosaic index",03d-01,2026-10-01
ui_api_256,"Chickasaw County, Iowa, 1952, aerial photomosaic index",03d-01,2026-10-01
ui_api_257,"Chickasaw County, Iowa, 1957, aerial photomosaic index",03d-01,2026-10-01
ui_api_2571,"Wright County, Iowa, 1972, aerial photomosaic index",03d-01,2026-10-01
ui_api_2578,"Kossuth County, Iowa, 1973, aerial photomosaic index",03d-01,2026-10-01
ui_api_258,"Clarke County, Iowa, 1938, aerial photomosaic index",03d-01,2026-10-01
ui_api_2583,"Cedar County, Iowa, 1969, aerial photomosaic index",03d-01,2026-10-01
ui_api_259,"Clarke County, Iowa, 1948, aerial photomosaic index",03d-01,2026-10-01
ui_api_2591,"Jefferson County, Iowa, 1969, aerial photomosaic index",03d-01,2026-10-01
ui_api_260,"Clarke County, Iowa, 1954, aerial photomosaic index",03d-01,2026-10-01
ui_api_2601,"Monona County, Iowa, 1973, aerial photomosaic index",03d-01,2026-10-01
ui_api_261,"Clay County, Iowa, 1939, aerial photomosaic index",03d-01,2026-10-01
ui_api_262,"Clay County, Iowa, 1955, aerial photomosaic index",03d-01,2026-10-01
ui_api_2625,"Dallas County, Iowa, 1977, aerial photomosaic index",03d-01,2026-10-01
ui_api_2626,"Muscatine County, Iowa, 1976, aerial photomosaic index",03d-01,2026-10-01
ui_api_2627,"Louisa County, Iowa, 1951, aerial photomosaic index",03d-01,2026-10-01
ui_api_263,"Crawford County, Iowa, 1950, aerial photomosaic index",03d-01,2026-10-01
ui_api_264,"Crawford County, Iowa, 1955, aerial photomosaic index",03d-01,2026-10-01
ui_api_265,"Dallas County, Iowa, 1950, aerial photomosaic index",03d-01,2026-10-01
ui_api_266,"Dallas County, Iowa, 1955, aerial photomosaic index",03d-01,2026-10-01
ui_api_267,"Davis County, Iowa, 1941, aerial photomosaic index",03d-01,2026-10-01
ui_api_268,"Davis County, Iowa, 1951, aerial photomosaic index",03d-01,2026-10-01
ui_api_269,"Decatur County, Iowa, 1941, aerial photomosaic index",03d-01,2026-10-01
ui_api_270,"Decatur County, Iowa, 1950, aerial photomosaic index",03d-01,2026-10-01
ui_api_271,"Decatur County, Iowa, 1955, aerial photomosaic index",03d-01,2026-10-01
ui_api_274,"Lyon County, Iowa, 1956, aerial photomosaic index",03d-01,2026-10-01
ui_api_284,"Winneshiek County, Iowa, 1937, aerial photomosaic index",03d-01,2026-10-01
ui_api_289,"Grundy County, Iowa, 1965, aerial photomosaic index",03d-01,2026-10-01
ui_api_294,"Ringgold County, Iowa, 1966, aerial photomosaic index",03d-01,2026-10-01
ui_api_299,"Boone County, Iowa, 1965, aerial photomosaic index",03d-01,2026-10-01
ui_api_30,"Delaware County, Iowa, 1940, aerial photomosaic index",03d-01,2026-10-01
ui_api_304,"Dickinson County, Iowa, 1962, aerial photomosaic index",03d-01,2026-10-01
ui_api_31,"Delaware County, Iowa, 1952, aerial photomosaic index",03d-01,2026-10-01
ui_api_311,"Tama County, Iowa, 1937, aerial photomosaic index",03d-01,2026-10-01
ui_api_316,"Taylor County, Iowa, 1936, aerial photomosaic index",03d-01,2026-10-01
ui_api_32,"Delaware County, Iowa, 1957, aerial photomosaic index",03d-01,2026-10-01
ui_api_323,"Kossuth County, Iowa, 1958, aerial photomosaic index",03d-01,2026-10-01
ui_api_328,"Jasper County, Iowa, 1961, aerial photomosaic index",03d-01,2026-10-01
ui_api_33,"Des Moines County, Iowa, 1941, aerial photomosaic index",03d-01,2026-10-01
ui_api_333,"Buchanan County, Iowa, 1964, aerial photomosaic index",03d-01,2026-10-01
ui_api_34,"Des Moines County, Iowa, 1951, aerial photomosaic index",03d-01,2026-10-01
ui_api_343,"Black Hawk County, Iowa, 1937, aerial photomosaic index",03d-01,2026-10-01
ui_api_347,"Pottawattamie County, Iowa, 1950, aerial photomosaic index",03d-01,2026-10-01
ui_api_35,"Des Moines County, Iowa, 1956, aerial photomosaic index",03d-01,2026-10-01
ui_api_352,"Wapello County, Iowa, 1963, aerial photomosaic index",03d-01,2026-10-01
ui_api_36,"Dickinson County, Iowa, 1939, aerial photomosaic index",03d-01,2026-10-01
ui_api_362,"Delaware County, Iowa, 1937, aerial photomosaic index",03d-01,2026-10-01
ui_api_369,"Pottawattamie County, Iowa, 1955, aerial photomosaic index",03d-01,2026-10-01
ui_api_37,"Dickinson County, Iowa, 1949, aerial photomosaic index",03d-01,2026-10-01
ui_api_372,"Worth County, Iowa, 1965, aerial photomosaic index",03d-01,2026-10-01
ui_api_377,"Carroll County, Iowa, 1961, aerial photomosaic index",03d-01,2026-10-01
ui_api_38,"Dickinson County, Iowa, 1954, aerial photomosaic index",03d-01,2026-10-01
ui_api_382,"Tama County, Iowa, 1956, aerial photomosaic index",03d-01,2026-10-01
ui_api_387,"Decatur County, Iowa, 1961, aerial photomosaic index",03d-01,2026-10-01
ui_api_39,"Dubuque County, Iowa, 1952, aerial photomosaic index",03d-01,2026-10-01
ui_api_390,"Mills County, Iowa, 1966, aerial photomosaic index",03d-01,2026-10-01
ui_api_395,"Wayne County, Iowa, 1967, aerial photomosaic index",03d-01,2026-10-01
ui_api_40,"Emmet County, Iowa, 1939, aerial photomosaic index",03d-01,2026-10-01
ui_api_400,"Calhoun County, Iowa, 1965, aerial photomosaic index",03d-01,2026-10-01
ui_api_405,"Black Hawk County, Iowa, 1964, aerial photomosaic index",03d-01,2026-10-01
ui_api_41,"Emmet County, Iowa, 1953, aerial photomosaic index",03d-01,2026-10-01
ui_api_410,"Warren County, Iowa, 1961, aerial photomosaic index",03d-01,2026-10-01
ui_api_415,"Appanoose County, Iowa, 1961, aerial photomosaic index",03d-01,2026-10-01
ui_api_42,"Emmet County, Iowa, 1958, aerial photomosaic index",03d-01,2026-10-01
ui_api_420,"Clayton County, Iowa, 1964, aerial photomosaic index",03d-01,2026-10-01
ui_api_425,"Monroe County, Iowa, 1961, aerial photomosaic index",03d-01,2026-10-01
ui_api_43,"Fayette County, Iowa, 1940, aerial photomosaic index",03d-01,2026-10-01
ui_api_430,"Jones County, Iowa, 1936, aerial photomosaic index",03d-01,2026-10-01
ui_api_435,"Clarke County, Iowa, 1967, aerial photomosaic index",03d-01,2026-10-01
ui_api_438,"Union County, Iowa, 1967, aerial photomosaic index",03d-01,2026-10-01
ui_api_44,"Fayette County, Iowa, 1952, aerial photomosaic index",03d-01,2026-10-01
ui_api_443,"Union County, Iowa, 1961, aerial photomosaic index",03d-01,2026-10-01
ui_api_448,"Keokuk County, Iowa, 1936, aerial photomosaic index",03d-01,2026-10-01
ui_api_45,"Fayette County, Iowa, 1957, aerial photomosaic index",03d-01,2026-10-01
ui_api_453,"Lucas County, Iowa, 1967, aerial photomosaic index",03d-01,2026-10-01
ui_api_458,"Muscatine County, Iowa, 1963, aerial photomosaic index",03d-01,2026-10-01
ui_api_46,"Floyd County, Iowa, 1939, aerial photomosaic index",03d-01,2026-10-01
ui_api_463,"Sioux County, Iowa, 1956, aerial photomosaic index",03d-01,2026-10-01
ui_api_47,"Floyd County, Iowa, 1952, aerial photomosaic index",03d-01,2026-10-01
ui_api_470,"Kossuth County, Iowa, 1965, aerial photomosaic index",03d-01,2026-10-01
ui_api_475,"Dallas County, Iowa, 1961, aerial photomosaic index",03d-01,2026-10-01
ui_api_48,"Floyd County, Iowa, 1957, aerial photomosaic index",03d-01,2026-10-01
ui_api_480,"Delaware County, Iowa, 1964, aerial photomosaic index",03d-01,2026-10-01
ui_api_485,"Bremer County, Iowa, 1964, aerial photomosaic index",03d-01,2026-10-01
ui_api_49,"Franklin County, Iowa, 1939, aerial photomosaic index",03d-01,2026-10-01
ui_api_495,"Davis County, Iowa, 1937, aerial photomosaic index",03d-01,2026-10-01
ui_api_50,"Franklin County, Iowa, 1953, aerial photomosaic index",03d-01,2026-10-01
ui_api_505,"Chicasaw County, Iowa, 1937, aerial photomosaic index",03d-01,2026-10-01
ui_api_51,"Franklin County, Iowa, 1958, aerial photomosaic index",03d-01,2026-10-01
ui_api_511,"Woodbury County, Iowa, 1966, aerial photomosaic index",03d-01,2026-10-01
ui_api_516,"Mahaska County, Iowa, 1963, aerial photomosaic index",03d-01,2026-10-01
ui_api_52,"Fremont County, Iowa, 1938, aerial photomosaic index",03d-01,2026-10-01
ui_api_521,"Scott County, Iowa, 1963, aerial photomosaic index",03d-01,2026-10-01
ui_api_526,"Monona County, Iowa, 1936, aerial photomosaic index",03d-01,2026-10-01
ui_api_53,"Fremont County, Iowa, 1950, aerial photomosaic index",03d-01,2026-10-01
ui_api_531,"Monona County, Iowa, 1954, aerial photomosaic index",03d-01,2026-10-01
ui_api_536,"Madison County, Iowa, 1961, aerial photomosaic index",03d-01,2026-10-01
ui_api_54,"Fremont County, Iowa, 1955, aerial photomosaic index",03d-01,2026-10-01
ui_api_543,"Plymouth County, Iowa, 1949, aerial photomosaic index",03d-01,2026-10-01
ui_api_55,"Fremont County, Iowa, 1960, aerial photomosaic index",03d-01,2026-10-01
ui_api_550,"Kossuth County, Iowa, 1953, aerial photomosaic index",03d-01,2026-10-01
ui_api_56,"Greene County, Iowa, 1939, aerial photomosaic index",03d-01,2026-10-01
ui_api_560,"Poweshiek County,  Iowa, 1937, aerial photomosaic index",03d-01,2026-10-01
ui_api_565,"Webster County, Iowa, 1965, aerial photomosaic index",03d-01,2026-10-01
ui_api_57,"Greene County, Iowa, 1953, aerial photomosaic index",03d-01,2026-10-01
ui_api_570,"Lee County, Iowa, 1951, aerial photomosaic index",03d-01,2026-10-01
ui_api_575,"Benton County, Iowa, 1963, aerial photomosaic index",03d-01,2026-10-01
ui_api_58,"Greene County, Iowa, 1958, aerial photomosaic index",03d-01,2026-10-01
ui_api_581,"Clayton County, Iowa, 1936, aerial photomosaic index",03d-01,2026-10-01
ui_api_586,"Lee County, Iowa, 1936, aerial photomosaic index",03d-01,2026-10-01
ui_api_59,"Grundy County, Iowa, 1939, aerial photomosaic index",03d-01,2026-10-01
ui_api_591,"Guthrie County, Iowa, 1967, aerial photomosaic index",03d-01,2026-10-01
ui_api_596,"Jasper County, Iowa, 1967, aerial photomosaic index",03d-01,2026-10-01
ui_api_60,"Grundy County, Iowa, 1952, aerial photomosaic index",03d-01,2026-10-01
ui_api_601,"Benton County, Iowa, 1951, aerial photomosaic index",03d-01,2026-10-01
ui_api_61,"Grundy County, Iowa, 1958, aerial photomosaic index",03d-01,2026-10-01
ui_api_611,"Bremer County, Iowa, 1937, aerial photomosaic index",03d-01,2026-10-01
ui_api_616,"Marion County, Iowa, 1961, aerial photomosaic index",03d-01,2026-10-01
ui_api_62,"Guthrie County, Iowa, 1938, aerial photomosaic index",03d-01,2026-10-01
ui_api_621,"Pocahontas County, Iowa, 1965, aerial photomosaic index",03d-01,2026-10-01
ui_api_626,"Lee County, Iowa, 1956, aerial photomosaic index",03d-01,2026-10-01
ui_api_63,"Guthrie County, Iowa, 1950, aerial photomosaic index",03d-01,2026-10-01
ui_api_631,"Linn County, Iowa, 1936, aerial photomosaic index",03d-01,2026-10-01
ui_api_636,"Winneshiek County, Iowa, 1964, aerial photomosaic index",03d-01,2026-10-01
ui_api_64,"Guthrie County, Iowa, 1955, aerial photomosaic index",03d-01,2026-10-01
ui_api_641,"Davis County, Iowa, 1963, aerial photomosaic index",03d-01,2026-10-01
ui_api_646,"Chickasaw County, Iowa, 1964, aerial photomosaic index",03d-01,2026-10-01
ui_api_65,"Hamilton County, Iowa, 1939, aerial photomosaic index",03d-01,2026-10-01
ui_api_653,"Woodbury County, Iowa, 1949, aerial photomosaic index",03d-01,2026-10-01
ui_api_66,"Hamilton County, Iowa, 1953, aerial photomosaic index",03d-01,2026-10-01
ui_api_662,"Des Moines County, Iowa, 1937, aerial photomosaic index",03d-01,2026-10-01
ui_api_665,"Lyon County, Iowa, 1951, aerial photomosaic index",03d-01,2026-10-01
ui_api_67,"Hamilton County, Iowa, 1958, aerial photomosaic index",03d-01,2026-10-01
ui_api_672,"Pottawattamie County, Iowa, 1960, aerial photomosaic index",03d-01,2026-10-01
ui_api_677,"Harrison County, Iowa, 1960, aerial photomosaic index",03d-01,2026-10-01
ui_api_68,"Hancock County, Iowa, 1939, aerial photomosaic index",03d-01,2026-10-01
ui_api_684,"Clinton County, Iowa, 1963, aerial photomosaic index",03d-01,2026-10-01
ui_api_69,"Hancock County, Iowa, 1953, aerial photomosaic index",03d-01,2026-10-01
ui_api_693,"Henry County, Iowa, 1937, aerial photomosaic index",03d-01,2026-10-01
ui_api_698,"Franklin County, Iowa, 1965, aerial photomosaic index",03d-01,2026-10-01
ui_api_70,"Hancock County, Iowa, 1958, aerial photomosaic index",03d-01,2026-10-01
ui_api_703,"Jefferson County, Iowa, 1963, aerial photomosaic index",03d-01,2026-10-01
ui_api_708,"Tama County, Iowa, 1963, aerial photomosaic index",03d-01,2026-10-01
ui_api_71,"Hardin County, Iowa, 1939, aerial photomosaic index",03d-01,2026-10-01
ui_api_713,"Clinton County, Iowa, 1951, aerial photomosaic index",03d-01,2026-10-01
ui_api_718,"Appanoose County, Iowa, 1967, aerial photomosaic index",03d-01,2026-10-01
ui_api_72,"Hardin County, Iowa, 1953, aerial photomosaic index",03d-01,2026-10-01
ui_api_723,"Lucas County, Iowa, 1961, aerial photomosaic index",03d-01,2026-10-01
ui_api_728,"Buena Vista County, Iowa, 1961, aerial photomosaic index",03d-01,2026-10-01
ui_api_73,"Hardin County, Iowa, 1958, aerial photomosaic index",03d-01,2026-10-01
ui_api_738,"Washington County, Iowa, 1937, aerial photomosaic index",03d-01,2026-10-01
ui_api_74,"Harrison County, Iowa, 1954, aerial photomosaic index",03d-01,2026-10-01
ui_api_75,"Henry County, Iowa, 1941, aerial photomosaic index",03d-01,2026-10-01
ui_api_751,"Clinton County, Iowa, 1937, aerial photomosaic index",03d-01,2026-10-01
ui_api_756,"Hancock County, Iowa, 1965, aerial photomosaic index",03d-01,2026-10-01
ui_api_76,"Henry County, Iowa, 1951, aerial photomosaic index",03d-01,2026-10-01
ui_api_761,"Polk County, Iowa, 1961, aerial photomosaic index",03d-01,2026-10-01
ui_api_764,"Emmet County, Iowa, 1965, aerial photomosaic index",03d-01,2026-10-01
ui_api_77,"Henry County, Iowa, 1957, aerial photomosaic index",03d-01,2026-10-01
ui_api_771,"Pottawattamie County, Iowa, 1966, aerial photomosaic index",03d-01,2026-10-01
ui_api_776,"Warren County, Iowa, 1967, aerial photomosaic index",03d-01,2026-10-01
ui_api_78,"Howard County, Iowa, 1941, aerial photomosaic index",03d-01,2026-10-01
ui_api_781,"Marshall County, Iowa, 1965, aerial photomosaic index",03d-01,2026-10-01
ui_api_786,"Monona County, Iowa, 1940, aerial photomosaic index",03d-01,2026-10-01
ui_api_79,"Howard County, Iowa, 1952, aerial photomosaic index",03d-01,2026-10-01
ui_api_791,"Washington County, Iowa, 1963, aerial photomosaic index",03d-01,2026-10-01
ui_api_794,"Montgomery County, Iowa, 1966, aerial photomosaic index",03d-01,2026-10-01
ui_api_799,"Fayette County, Iowa, 1964, aerial photomosaic index",03d-01,2026-10-01
ui_api_80,"Howard County, Iowa, 1957, aerial photomosaic index",03d-01,2026-10-01
ui_api_804,"Marion County, Iowa, 1967, aerial photomosaic index",03d-01,2026-10-01
ui_api_809,"Clarke County, Iowa, 1961, aerial photomosaic index",03d-01,2026-10-01
ui_api_81,"Humboldt County, Iowa, 1939, aerial photomosaic index",03d-01,2026-10-01
ui_api_812,"Winnebago County, Iowa, 1965, aerial photomosaic index",03d-01,2026-10-01
ui_api_817,"Jackson County, Iowa, 1957, aerial photomosaic index",03d-01,2026-10-01
ui_api_82,"Humboldt County, Iowa, 1953, aerial photomosaic index",03d-01,2026-10-01
ui_api_820,"Pottawattamie County, Iowa, 1938, aerial photomosaic index",03d-01,2026-10-01
ui_api_83,"Humboldt County, Iowa, 1958, aerial photomosaic index",03d-01,2026-10-01
ui_api_830,"Muscatine County, Iowa, 1937, aerial photomosaic index",03d-01,2026-10-01
ui_api_835,"Benton County, Iowa, 1956, aerial photomosaic index",03d-01,2026-10-01
ui_api_84,"Ida County, Iowa, 1938, aerial photomosaic index",03d-01,2026-10-01
ui_api_840,"Clay County, Iowa, 1949, aerial photomosaic index",03d-01,2026-10-01
ui_api_845,"Dallas County, Iowa, 1967, aerial photomosaic index",03d-01,2026-10-01
ui_api_848,"Henry County, Iowa, 1963, aerial photomosaic index",03d-01,2026-10-01
ui_api_85,"Ida County, Iowa, 1949, aerial photomosaic index",03d-01,2026-10-01
ui_api_853,"Floyd County, Iowa, 1964, aerial photomosaic index",03d-01,2026-10-01
ui_api_858,"Sioux County, Iowa, 1951, aerial photomosaic index",03d-01,2026-10-01
ui_api_86,"Ida County, Iowa, 1954, aerial photomosaic index",03d-01,2026-10-01
ui_api_862,"Lee County, Iowa, 1940, aerial photomosaic index",03d-01,2026-10-01
ui_api_867,"Harrison County, Iowa, 1966, aerial photomosaic index",03d-01,2026-10-01
ui_api_87,"Iowa County, Iowa, 1940, aerial photomosaic index",03d-01,2026-10-01
ui_api_872,"Dubuque County, Iowa, 1964, aerial photomosaic index",03d-01,2026-10-01
ui_api_877,"Palo Alto County, Iowa, 1965, aerial photomosaic index",03d-01,2026-10-01
ui_api_88,"Iowa County, Iowa, 1951, aerial photomosaic index",03d-01,2026-10-01
ui_api_883,"Jackson County, Iowa, 1936, aerial photomosaic index",03d-01,2026-10-01
ui_api_888,"Van Buren County, Iowa, 1963, aerial photomosaic index",03d-01,2026-10-01
ui_api_89,"Iowa County, Iowa, 1956, aerial photomosaic index",03d-01,2026-10-01
ui_api_893,"Harrison County, Iowa, 1949, aerial photomosaic index",03d-01,2026-10-01
ui_api_898,"Wayne County, Iowa, 1961, aerial photomosaic index",03d-01,2026-10-01
ui_api_90,"Jasper County, Iowa, 1940, aerial photomosaic index",03d-01,2026-10-01
ui_api_904,"Woodbury County, Iowa, 1960, aerial photomosaic index",03d-01,2026-10-01
ui_api_909,"Cedar County, Iowa, 1963, aerial photomosaic index",03d-01,2026-10-01
ui_api_91,"Jasper County, Iowa, 1950, aerial photomosaic index",03d-01,2026-10-01
ui_api_914,"Johnson County, Iowa, 1956, aerial photomosaic index",03d-01,2026-10-01
ui_api_919,"Cedar County, Iowa, 1936, aerial photomosaic index",03d-01,2026-10-01
ui_api_92,"Jasper County, Iowa, 1955, aerial photomosaic index",03d-01,2026-10-01
ui_api_924,"Johnson County, Iowa, 1951, aerial photomosaic index",03d-01,2026-10-01
ui_api_928,"Jackson County, Iowa, 1964, aerial photomosaic index",03d-01,2026-10-01
ui_api_93,"Jefferson County, Iowa, 1941, aerial photomosaic index",03d-01,2026-10-01
ui_api_933,"Polk County, Iowa, 1967, aerial photomosaic index",03d-01,2026-10-01
ui_api_94,"Jefferson County, Iowa, 1951, aerial photomosaic index",03d-01,2026-10-01
ui_api_940,"Lucas County, Iowa, 1937, aerial photomosaic index",03d-01,2026-10-01
ui_api_945,"Cass County, Iowa, 1936, aerial photomosaic index",03d-01,2026-10-01
ui_api_95,"Jones County, Iowa, 1940, aerial photomosaic index",03d-01,2026-10-01
ui_api_950,"Dubuque County, Iowa, 1940, aerial photomosaic index",03d-01,2026-10-01
ui_api_955,"Howard County, Iowa, 1964, aerial photomosaic index",03d-01,2026-10-01
ui_api_96,"Jones County, Iowa, 1952, aerial photomosaic index",03d-01,2026-10-01
ui_api_960,"Webster County, Iowa, 1958, aerial photomosaic index",03d-01,2026-10-01
ui_api_97,"Jones County, Iowa, 1957, aerial photomosaic index",03d-01,2026-10-01
ui_api_970,"Scott County, Iowa, 1937, aerial photomosaic index",03d-01,2026-10-01
ui_api_975,"Cass County, Iowa, 1966, aerial photomosaic index",03d-01,2026-10-01
ui_api_978,"Harrison County, Iowa, 1939, aerial photomosaic index",03d-01,2026-10-01
ui_api_98,"Keokuk County, Iowa, 1940, aerial photomosaic index",03d-01,2026-10-01
ui_api_983,"Decatur County, Iowa, 1967, aerial photomosaic index",03d-01,2026-10-01
ui_api_988,"Adair County, Iowa, 1967, aerial photomosaic index",03d-01,2026-10-01
ui_api_99,"Keokuk County, Iowa, 1951, aerial photomosaic index",03d-01,2026-10-01
ui_ocn233146622,"Adair County, Iowa, 1970, aerial photomosaic index",03d-01,2026-10-01
ui_ocn233146669,"Fremont County, Iowa, 1971, aerial photomosaic index",03d-01,2026-10-01
ui_sheetmaps_1,"Diagram of the Lead-Bearing Crevices near Dubuque, Iowa, 1858",03d-01,2026-10-01
ui_sheetmaps_10,"Iowa and Wisconsin, 1842",03d-01,2026-10-01
ui_sheetmaps_100,"The Denison Bulletin's map of Crawford County, 1898",03d-01,2026-10-01
ui_sheetmaps_101,"Allen rate map of Iowa, 1902",03d-01,2026-10-01
ui_sheetmaps_102,"Geologic map of Iowa, 1916",03d-01,2026-10-01
ui_sheetmaps_103,"State of Iowa, 1878",03d-01,2026-10-01
ui_sheetmaps_104,"Map of Iowa, 1898",03d-01,2026-10-01
ui_sheetmaps_105,"Map of Iowa, 1902",03d-01,2026-10-01
ui_sheetmaps_106,"Zoning map, Waterloo, Iowa, 1948",03d-01,2026-10-01
ui_sheetmaps_107,"The Carroll Sentinel's twentieth century map of Carroll County, Iowa, 1901",03d-01,2026-10-01
ui_sheetmaps_108,"New commercial and census map of Iowa, 1917",03d-01,2026-10-01
ui_sheetmaps_109,"Map of Iowa, 1895",03d-01,2026-10-01
ui_sheetmaps_11,"United States: map no. 8, 1847",03d-01,2026-10-01
ui_sheetmaps_110,"Map of Iowa, 1888",03d-01,2026-10-01
ui_sheetmaps_113,"Iowa, 1856",03d-01,2026-10-01
ui_sheetmaps_116,"Gray's atlas map of Iowa, 1873",03d-01,2026-10-01
ui_sheetmaps_119,"Iowa, 1884",03d-01,2026-10-01
ui_sheetmaps_12,"Iowa, 1845",03d-01,2026-10-01
ui_sheetmaps_122,"Map of Iowa, 1901",03d-01,2026-10-01
ui_sheetmaps_125,"Ohman's standard new map of Iowa, the Hawkeye state, 1926",03d-01,2026-10-01
ui_sheetmaps_128,"Sketch of the public surveys in Iowa territory, 1847",03d-01,2026-10-01
ui_sheetmaps_13,"Sketch of the public surveys in Iowa, 1848",03d-01,2026-10-01
ui_sheetmaps_131,"The Federal Aid Highway System progress map: Eastern Iowa and Western Iowa, 1927",03d-01,2026-10-01
ui_sheetmaps_134,"The Federal Aid Highway System progress map: Eastern Iowa and Western Iowa, 1934",03d-01,2026-10-01
ui_sheetmaps_14,"A new map of the state of Iowa, 1850",03d-01,2026-10-01
ui_sheetmaps_143,"Iowa transportation map : railroads, highways, canals, air lanes, dredged channels, and pipe lines, 1934",03d-01,2026-10-01
ui_sheetmaps_146,"The Federal Aid Highway System progress map: Eastern Iowa and Western Iowa, 1935",03d-01,2026-10-01
ui_sheetmaps_15,"Wisconsin, 1846",03d-01,2026-10-01
ui_sheetmaps_155,"Iowa transportation map: Highways, railroads canals, air lanes, and dredged channels, 1938",03d-01,2026-10-01
ui_sheetmaps_16,"Wisconsin and Iowa, 1842",03d-01,2026-10-01
ui_sheetmaps_164,"Iowa transportation map: Highways, railroads, canals, air lanes, and dredged channels, 1941",03d-01,2026-10-01
ui_sheetmaps_167,"The Wesley World map of Kossuth County, Iowa (in two parts), 1901",03d-01,2026-10-01
ui_sheetmaps_17,"Iowa, 1847",03d-01,2026-10-01
ui_sheetmaps_170,"The LeMars semi-weekly sentinel sectional pocket map of Plymouth County, Iowa, with comprehensive statistics, 1891",03d-01,2026-10-01
ui_sheetmaps_177,"Map of Wapello County, Iowa, 1893",03d-01,2026-10-01
ui_sheetmaps_18,"Iowa, 1843",03d-01,2026-10-01
ui_sheetmaps_180,"Topographical map of Winneshiek County, Iowa, 1903",03d-01,2026-10-01
ui_sheetmaps_183,"Map of Iowa City, 1900",03d-01,2026-10-01
ui_sheetmaps_186,"Map of the city of Iowa City, Iowa: showing streets, parks, public buildings, etc., 1910",03d-01,2026-10-01
ui_sheetmaps_189,"Iowa City and vicinity, Iowa, 1931",03d-01,2026-10-01
ui_sheetmaps_19,"Iowa, 1846",03d-01,2026-10-01
ui_sheetmaps_194,"Map of the city of Ottumwa, Iowa, 1900",03d-01,2026-10-01
ui_sheetmaps_196,"Transportation map, Iowa, 1924",03d-01,2026-10-01
ui_sheetmaps_199,"Transportation map, Iowa, 1931",03d-01,2026-10-01
ui_sheetmaps_2,"Map of Iowa, issued by the Board of Railroad Commissioners, 1915",03d-01,2026-10-01
ui_sheetmaps_20,"Iowa and Wisconsin, 1838",03d-01,2026-10-01
ui_sheetmaps_202,"Transportation map, Iowa, 1935",03d-01,2026-10-01
ui_sheetmaps_205,"Transportation map, Iowa, 1937",03d-01,2026-10-01
ui_sheetmaps_208,"Transportation map, Iowa, 1938",03d-01,2026-10-01
ui_sheetmaps_21,"Wisconsin and Iowa, 1848",03d-01,2026-10-01
ui_sheetmaps_211,"Transportation map, Iowa, 1939",03d-01,2026-10-01
ui_sheetmaps_214,"Transportation map, Iowa, 1940",03d-01,2026-10-01
ui_sheetmaps_217,"Transportation map, Iowa, 1941",03d-01,2026-10-01
ui_sheetmaps_22,"A new map of the state of Iowa, 1852",03d-01,2026-10-01
ui_sheetmaps_220,"Transportation map, Iowa, 1942",03d-01,2026-10-01
ui_sheetmaps_223,"Transportation map, Iowa, 1945",03d-01,2026-10-01
ui_sheetmaps_226,"Transportation map, Iowa, 1946",03d-01,2026-10-01
ui_sheetmaps_229,"Transportation map, Iowa, 1946",03d-01,2026-10-01
ui_sheetmaps_23,"A new map of the state of Iowa, 1853",03d-01,2026-10-01
ui_sheetmaps_232,"Transportation map, Iowa, 1947",03d-01,2026-10-01
ui_sheetmaps_235,"Transportation map, Iowa, 1948",03d-01,2026-10-01
ui_sheetmaps_238,"Transportation map, Iowa, 1949",03d-01,2026-10-01
ui_sheetmaps_24,"A new map of the state of Iowa, 1854",03d-01,2026-10-01
ui_sheetmaps_241,"Transportation map, Iowa, 1950",03d-01,2026-10-01
ui_sheetmaps_244,"Transportation map, Iowa, 1950",03d-01,2026-10-01
ui_sheetmaps_247,"Transportation map, Iowa, 1951",03d-01,2026-10-01
ui_sheetmaps_25,"Iowa, 1855",03d-01,2026-10-01
ui_sheetmaps_250,"Transportation map, Iowa, 1952",03d-01,2026-10-01
ui_sheetmaps_253,"Transportation map, Iowa, 1955",03d-01,2026-10-01
ui_sheetmaps_256,"Transportation map, Iowa, 1956",03d-01,2026-10-01
ui_sheetmaps_259,"Transportation map, Iowa, 1957",03d-01,2026-10-01
ui_sheetmaps_26,"Iowa, 1855",03d-01,2026-10-01
ui_sheetmaps_262,"Transportation map, Iowa, 1958",03d-01,2026-10-01
ui_sheetmaps_265,"Transportation map, Iowa, 1959",03d-01,2026-10-01
ui_sheetmaps_268,"Transportation map, Iowa, 1960",03d-01,2026-10-01
ui_sheetmaps_27,"Sketch of the public surveys in Iowa, 1855",03d-01,2026-10-01
ui_sheetmaps_271,"Transportation map, Iowa, 1961",03d-01,2026-10-01
ui_sheetmaps_274,"Transportation map, Iowa, 1962",03d-01,2026-10-01
ui_sheetmaps_277,"Transportation map, Iowa, 1963",03d-01,2026-10-01
ui_sheetmaps_28,"A new map of the state of Iowa, 1856",03d-01,2026-10-01
ui_sheetmaps_280,"Transportation map, Iowa, 1964",03d-01,2026-10-01
ui_sheetmaps_283,"Transportation map, Iowa, 1965",03d-01,2026-10-01
ui_sheetmaps_286,"Transportation map, Iowa, 1966",03d-01,2026-10-01
ui_sheetmaps_289,"Transportation map, Iowa, 1967",03d-01,2026-10-01
ui_sheetmaps_29,"Iowa, 1858",03d-01,2026-10-01
ui_sheetmaps_292,"Transportation map, Iowa, 1968",03d-01,2026-10-01
ui_sheetmaps_295,"Transportation map, Iowa, 1969",03d-01,2026-10-01
ui_sheetmaps_3,"Map of Washington County, Iowa, 1859",03d-01,2026-10-01
ui_sheetmaps_30,"Iowa, 1858",03d-01,2026-10-01
ui_sheetmaps_31,"Iowa, 1859",03d-01,2026-10-01
ui_sheetmaps_310,"Historical maps depicting the 13 original states from New Hampshire to Geogia at the time of the formation of the constitution, 1937",03d-01,2026-10-01
ui_sheetmaps_311,"Map showing the different routes surveyed for the Union Pacific Rail Road between the Missouri River and the Platte Valley, 1865",03d-01,2026-10-01
ui_sheetmaps_312,"Henn Williams & Co.'s sectional map of the state of Iowa, 1858",03d-01,2026-10-01
ui_sheetmaps_313,"Map of Buncombe Township, Sioux County, Iowa, 1908",03d-01,2026-10-01
ui_sheetmaps_314,"Map of Eagle Township, Sioux County, Iowa, 1908",03d-01,2026-10-01
ui_sheetmaps_315,"Map of Washington Township, Sioux County, Iowa, 1908",03d-01,2026-10-01
ui_sheetmaps_316,"Map of Logan Township, Sioux County, Iowa, 1908",03d-01,2026-10-01
ui_sheetmaps_319,"Map of Iowa: prepared and printed for the Railroad Commissioners, to accompany their report, 1893",03d-01,2026-10-01
ui_sheetmaps_32,"County map of the states of Iowa and Missouri, 1860",03d-01,2026-10-01
ui_sheetmaps_320,"Map of the surface deposits of Polk County, Iowa, 1897",03d-01,2026-10-01
ui_sheetmaps_321,"Chicago Great Western Ry., ""Maple Leaf Route,"" 1897",03d-01,2026-10-01
ui_sheetmaps_323,"United States, 1825",03d-01,2026-10-01
ui_sheetmaps_324,"The Wesley World map of Kossuth County, Iowa, 1901",03d-01,2026-10-01
ui_sheetmaps_33,"A new map of the state of Iowa, 1860",03d-01,2026-10-01
ui_sheetmaps_34,"Sketch of the public surveys in Iowa and Dakota, 1861",03d-01,2026-10-01
ui_sheetmaps_35,"Johnson's Iowa and Nebraska, 1862",03d-01,2026-10-01
ui_sheetmaps_36,"Map of the central portion of the United States showing the lines of the proposed Pacific railroads, 1864",03d-01,2026-10-01
ui_sheetmaps_37,"Illinois, Missouri & Iowa, 1864",03d-01,2026-10-01
ui_sheetmaps_38,"Map of the Union Pacific Railroad and its connections, 1867",03d-01,2026-10-01
ui_sheetmaps_39,"Map to accompany report of Gen. G.M. Dodge, Chief Engineer on the crossing of the Missouri River, 1867",03d-01,2026-10-01
ui_sheetmaps_4,"A map of Lewis and Clark's track across the western portion of North America, from the Mississippi to the Pacific Ocean: by order of the executive of the United States in 1804, 5 & 6, 1814",03d-01,2026-10-01
ui_sheetmaps_40,"County map of the states of Iowa and Missouri, 1871",03d-01,2026-10-01
ui_sheetmaps_41,"County map of the states of Iowa and Missouri, 1872",03d-01,2026-10-01
ui_sheetmaps_42,"Asher & Adams' Iowa, 1872",03d-01,2026-10-01
ui_sheetmaps_43,"Asher & Adams' Iowa, 1873",03d-01,2026-10-01
ui_sheetmaps_44,"Iowa, 1875",03d-01,2026-10-01
ui_sheetmaps_45,"Map of Polk County, Iowa, 1878",03d-01,2026-10-01
ui_sheetmaps_46,"County & township map of the states of Iowa and Missouri, 1882",03d-01,2026-10-01
ui_sheetmaps_47,"County & township map of the states of Iowa and Missouri, 1884",03d-01,2026-10-01
ui_sheetmaps_48,"Map of East Iowa City, Iowa as platted by W.F. Main Co., 1898",03d-01,2026-10-01
ui_sheetmaps_49,"Map of Iowa: showing towns with their location and population, railroads, counties, and congressional districts, 1901",03d-01,2026-10-01
ui_sheetmaps_50,"A geological map of Iowa, 1904",03d-01,2026-10-01
ui_sheetmaps_51,"Posting map, State of Iowa, 1905",03d-01,2026-10-01
ui_sheetmaps_52,"Iowa City, Iowa, 1906",03d-01,2026-10-01
ui_sheetmaps_53,"Map of Hancock County, Iowa, 1910",03d-01,2026-10-01
ui_sheetmaps_54,"Map of Iowa: showing streams and 859 municipalities, 562 villages, 1914",03d-01,2026-10-01
ui_sheetmaps_55,"Map of West Okoboji Lake ... Dickinson County, Iowa: to accompany the report on Iowa lakes and lake beds, 1916",03d-01,2026-10-01
ui_sheetmaps_56,"Map of Iowa showing drift sheets, 1917",03d-01,2026-10-01
ui_sheetmaps_57,"A geological map of Iowa, 1922",03d-01,2026-10-01
ui_sheetmaps_58,"Iowa road map showing condition, January 1, 1925",03d-01,2026-10-01
ui_sheetmaps_59,"Official map of Benton County, Iowa: showing primary, county, and township roads and school districts, 1925",03d-01,2026-10-01
ui_sheetmaps_6,"Sketch of the public surveys in Wisconsin Territory, 1837",03d-01,2026-10-01
ui_sheetmaps_60,"Iowa's electric transmission lines and plants, 1927",03d-01,2026-10-01
ui_sheetmaps_61,"Map of Iowa, 1927",03d-01,2026-10-01
ui_sheetmaps_62,"Map of Iowa: map showing the surface distribution of the five drift sheets in Iowa, 1928",03d-01,2026-10-01
ui_sheetmaps_63,"Official map of Van Buren County, Iowa: showing primary county and township road systems, 1927",03d-01,2026-10-01
ui_sheetmaps_64,"Topographic map of a portion of Iowa City, Ia., in the vicinity of the Red Ball Inn, surveyed by J.H. Raney and S.A. Salisbury, 1928",03d-01,2026-10-01
ui_sheetmaps_65,"Map of part of the Wisconsin Territory: compiled from Tanner's map of U. States, from surveys of public lands and Indian boundaries, from personal reconnoissance and from original information derived from explorers and traders, 1935",03d-01,2026-10-01
ui_sheetmaps_66,"The campus of the State University of Iowa, 1930",03d-01,2026-10-01
ui_sheetmaps_67,"Rand, McNally & Co.'s indexed county and township pocket map and shippers' guide of Iowa, 1894",03d-01,2026-10-01
ui_sheetmaps_68,"Portion of west campus, State University of Iowa, 1939",03d-01,2026-10-01
ui_sheetmaps_69,"Fort Dodge, Iowa, 1896",03d-01,2026-10-01
ui_sheetmaps_7,"Map of the settled part of Wisconsin Territory, 1838",03d-01,2026-10-01
ui_sheetmaps_70,"Map of Iowa, 1899",03d-01,2026-10-01
ui_sheetmaps_71,"Iowa : showing routes of proposed rail roads &c, 1851",03d-01,2026-10-01
ui_sheetmaps_72,"Map of Iowa, 1893",03d-01,2026-10-01
ui_sheetmaps_73,"Map of Monticello, Jones Co., Iowa, 1864",03d-01,2026-10-01
ui_sheetmaps_74,"Map of the city of Cedar Rapids and town of Kenwood Park, Iowa: showing streets, parks, public buildings, etc., 1916",03d-01,2026-10-01
ui_sheetmaps_75,"Railroad map of Iowa, 1881",03d-01,2026-10-01
ui_sheetmaps_76,"Iowa City and its environs, 1854",03d-01,2026-10-01
ui_sheetmaps_77,"Colton's township map of the state of Iowa: compiled from the United States surveys & other authentic sources, 1855",03d-01,2026-10-01
ui_sheetmaps_78,"Survey of the Mississippi River, Chart 144, 1891",03d-01,2026-10-01
ui_sheetmaps_79,"Allen's suburban map of Council Bluffs, Iowa, 1898",03d-01,2026-10-01
ui_sheetmaps_8,"Map of the western states: designed to accompany Smith's geography for schools, 1839",03d-01,2026-10-01
ui_sheetmaps_80,"Colton's township map of the state of Iowa, 1854",03d-01,2026-10-01
ui_sheetmaps_81,"Allen's outline map of Ottumwa, Iowa, 1891",03d-01,2026-10-01
ui_sheetmaps_82,"State of Iowa, 1912",03d-01,2026-10-01
ui_sheetmaps_83,"A township map of the state of Iowa, 1851",03d-01,2026-10-01
ui_sheetmaps_84,"Iowa City, 1947",03d-01,2026-10-01
ui_sheetmaps_85,"Map of the city of Clinton, Clinton Co., Iowa, 1892",03d-01,2026-10-01
ui_sheetmaps_86,"Johnson's Iowa and Nebraska, 1866",03d-01,2026-10-01
ui_sheetmaps_87,"A township map of the state of Iowa, 1855",03d-01,2026-10-01
ui_sheetmaps_88,"Map of Iowa, 1900",03d-01,2026-10-01
ui_sheetmaps_89,"Johnson County, Iowa, 1905",03d-01,2026-10-01
ui_sheetmaps_9,"Iowa and Wisconsin, 1838",03d-01,2026-10-01
ui_sheetmaps_90,"M. M. Dickson's map of Marshall County, 1896",03d-01,2026-10-01
ui_sheetmaps_91,"Johnson's Iowa and Nebraska, 1864",03d-01,2026-10-01
ui_sheetmaps_92,"Map of the Pleistocene deposits of northwestern Iowa, 1917",03d-01,2026-10-01
ui_sheetmaps_93,"Johnson's Iowa and Nebraska, 1864",03d-01,2026-10-01
ui_sheetmaps_94,"Rand McNally official 1925 auto trails map, Iowa, 1925",03d-01,2026-10-01
ui_sheetmaps_95,"Highway map of Iowa, 1949",03d-01,2026-10-01
ui_sheetmaps_96,"Rand McNally road map, United States, 1945",03d-01,2026-10-01
ui_sheetmaps_97,"Rand McNally & Co.'s new railroad map from the Atlantic coast to the Rocky Mountains, 1879",03d-01,2026-10-01
ui_sheetmaps_98,"Mileage map of the best roads of Iowa: showing state highways, road distances, 1925",03d-01,2026-10-01
ui_sheetmaps_99,"Geologic map of Iowa, 1937",03d-01,2026-10-01
ui_testiadep_1019,Report and recommendations on truck legislation,03d-01,2026-10-01
ui_testiadep_1057,Report on supply & industrial uses of flaxseed,03d-01,2026-10-01
ui_testiadep_1097,Report on state hospitals for mental diseases,03d-01,2026-10-01
ui_testiadep_1133,Comparative Study of Corporate taxes,03d-01,2026-10-01
ui_testiadep_1190,"Report on library service in Iowa, circa 1935",03d-01,2026-10-01
ui_testiadep_1204,General soil improvements and soil rehabilitation projects  Chariton basin counties in Iowa,03d-01,2026-10-01
ui_testiadep_1216,Who what why?  Iowa State Planning Board,03d-01,2026-10-01
ui_testiadep_1231,Feasibility of utilizing relief families as boarding homes for dependent children,03d-01,2026-10-01
ui_testiadep_1283,Soil conservation and the proposed districts law,03d-01,2026-10-01
ui_testiadep_1335,Indexes of employment in Iowa industries,03d-01,2026-10-01
ui_testiadep_1368,Industrial history of Appanoose County,03d-01,2026-10-01
ui_testiadep_1402,Business Survey of Northwest Iowa,03d-01,2026-10-01
ui_testiadep_1517,Analysis of Iowa's relief population,03d-01,2026-10-01
ui_testiadep_1539,Production and marketing of cornstalk insulation board,03d-01,2026-10-01
ui_testiadep_1554,Proposed remedies for crime in Iowa,03d-01,2026-10-01
ui_testiadep_1577,Woody plants of Iowa recommended for game cover,03d-01,2026-10-01
ui_testiadep_1604,Comparison of incorporation laws  a summary,03d-01,2026-10-01
ui_testiadep_1727,Canoe trails of Iowa. Des Moines River,03d-01,2026-10-01
ui_testiadep_1730,"Distribution of Iowa population, 1930",03d-01,2026-10-01
ui_testiadep_1733,"Farm home conveniences scores include telephone, automobiles, radio, water system electric lights, 1930 score number is the summation of rankings in 5 classes on each convenience map",03d-01,2026-10-01
ui_testiadep_1736,"Farms with automobiles percentage of farms having automobiles, state average 90.2, by counties 1930",03d-01,2026-10-01
ui_testiadep_1739,"Farms with radios percent of farm families operating radios 1930, state average 50.8%",03d-01,2026-10-01
ui_testiadep_1742,"Farms with telephones percentage of farms equipped with telephones by counties 1930, state average 84%",03d-01,2026-10-01
ui_testiadep_1745,"Value of farm dwellings 1930 average value of dwellings per farm by townships, state average $2,212.00",03d-01,2026-10-01
ui_testiadep_1748,"Average farm size average size of farms by district, 1932",03d-01,2026-10-01
ui_testiadep_1751,Farm tenancy percent of farms operated by tenants 1900-1930,03d-01,2026-10-01
ui_testiadep_1754,Tax delinquency percentage of total acres by townships on which 1932 taxes were delinquent,03d-01,2026-10-01
ui_testiadep_1757,Iowa crop yields 1928-1932 averages by counties bushels or tons per acre,03d-01,2026-10-01
ui_testiadep_1760,Acreage in pasture percent of effective acreage in pasture 1932,03d-01,2026-10-01
ui_testiadep_1763,Shipment of corn & oats percent net shipment of corn & oats combined to total production by regions 1928-1931,03d-01,2026-10-01
ui_testiadep_1766,"Use of crop land distribution of total land in crops into the principal crops, by region, 1932",03d-01,2026-10-01
ui_testiadep_1769,Yield of oats average yield of oats by districts 5 year average 1928-1932,03d-01,2026-10-01
ui_testiadep_1770,Map of Iowa,03d-01,2026-10-01
ui_testiadep_1771,Rate of change of Iowa population 1890-1930,03d-01,2026-10-01
ui_testiadep_1772,"Iowa base map showing towns, townships, and rivers",03d-01,2026-10-01
ui_testiadep_1773,Iowa in 1838,03d-01,2026-10-01
ui_testiadep_1774,Geographical advantages United States,03d-01,2026-10-01
ui_testiadep_1775,Des Moines-Skunk River basins showing location of basins with respect to state principal drainage lines within area,03d-01,2026-10-01
ui_testiadep_1776,Map of Iowa communities combination of interest areas found by Iowa State Planning Board 1932-1934 map of Iowa,03d-01,2026-10-01
ui_testiadep_1777,The Mississippi Parkway through Iowa,03d-01,2026-10-01
ui_testiadep_1778,Midwestern airways,03d-01,2026-10-01
ui_testiadep_1779,Iowa base map,03d-01,2026-10-01
ui_testiadep_1780,Distribution of urban population,03d-01,2026-10-01
ui_testiadep_1781,Northwestern Iowa river basins showing locations of basins with respect to state principal drainage lines within basins,03d-01,2026-10-01
ui_testiadep_1782,West central Iowa river basins showing location of basins with respect to state principal drainage lines within area,03d-01,2026-10-01
ui_testiadep_1783,Game management areas distribution of areas established by the Iowa Fish Game Commission,03d-01,2026-10-01
ui_testiadep_1784,South central Iowa river basins showing locations of basins with respect to state principal drainage lines within basins,03d-01,2026-10-01
ui_testiadep_1785,Northeastern Iowa river basins showing locations of basins with respect to state & principal drainage lines within basins,03d-01,2026-10-01
ui_testiadep_1786,Drainage basins areas drained by principal Iowa rivers,03d-01,2026-10-01
ui_testiadep_1787,"Gross farm income gross farm income by counties as percent of state average 1930, state average $6073.474",03d-01,2026-10-01
ui_testiadep_1788,Precipitation stations Iowa locations of stations maintained by the U.S. Weather Bureau,03d-01,2026-10-01
ui_testiadep_1789,Public & association libraries Iowa,03d-01,2026-10-01
ui_testiadep_1790,"Rural & urban illiteracy Iowa percentages include all illiterates above 10 years of age, except Mills Co., Glenwood, institution for feeble-minded children, numbers 850 illiterates",03d-01,2026-10-01
ui_testiadep_1791,Iowa map showing historical points of interest,03d-01,2026-10-01
ui_testiadep_1792,1928 tax delinquency percentage of total acres by townships on which 1928 taxes were delinquent,03d-01,2026-10-01
ui_testiadep_1793,Library service Iowa percent of county population having access to libraries 1933-1934,03d-01,2026-10-01
ui_testiadep_1794,1929 tax delinquency percentage of total acres by townships on which 1929 taxes were delinquent,03d-01,2026-10-01
ui_testiadep_1795,Colleges and state institutions Iowa,03d-01,2026-10-01
ui_testiadep_1796,1930 tax delinquency percentage of total acres by townships on which 1930 taxes were delinquent,03d-01,2026-10-01
ui_testiadep_1797,1931 tax delinquency percentage of total acres by townships by which 1931 taxes were delinquent,03d-01,2026-10-01
ui_testiadep_1798,"Permanent pasture & forest Iowa percent of total farm area recomended for forest or permanent pasture based on soil survey by Soils Dept., Iowa State College",03d-01,2026-10-01
ui_testiadep_1799,Colleges and state institutions Iowa,03d-01,2026-10-01
ui_testiadep_1800,Illiteracy by counties,03d-01,2026-10-01
ui_testiadep_1801,Percent forest and waste lands,03d-01,2026-10-01
ui_testiadep_1802,Families on relief families on relief for the first seven months of 1934,03d-01,2026-10-01
ui_testiadep_1803,"Rural secondary schools Iowa spot map showing location of rural, consolidated, urban schools",03d-01,2026-10-01
ui_testiadep_1804,"Use of farm land Iowa effective acreage, or all land in farms, less acres in forest, wasteland, buildings, roads",03d-01,2026-10-01
ui_testiadep_1805,Demonstrations map of Iowa,03d-01,2026-10-01
ui_testiadep_1806,Corporate owned land Iowa percent of all land owned by corporations by government townships 1933-1934,03d-01,2026-10-01
ui_testiadep_1807,Erosion by soil areas relative occurence of erosion in various soil areas of Iowa,03d-01,2026-10-01
ui_testiadep_1808,Tax delinquency Iowa percentage of total acres by townships on which 1932 taxes were delinquent,03d-01,2026-10-01
ui_testiadep_1809,Synoptical map of existing Iowa agriculture,03d-01,2026-10-01
ui_testiadep_1810,"Characteristics of farming areas criteria of crop, livestock, and farming systems based on group averages of county data",03d-01,2026-10-01
ui_testiadep_1811,Characteristics of farming areas Iowa,03d-01,2026-10-01
ui_testiadep_1812,"Iowa map showing state parks, wild life preserves, and forests",03d-01,2026-10-01
ui_testiadep_1813,"Recommended crop changes Iowa recommended changes in acreage in corn, small grain, hay, pasture, by districts",03d-01,2026-10-01
ui_testiadep_1814,"Yield of corn average yield of corn in bushels per acre, by region 1928-1932 state average 37.57",03d-01,2026-10-01
ui_testiadep_1815,Soil erosion Iowa estimated extent of soil erosion approximate areas based on Iowa Soil Survey,03d-01,2026-10-01
ui_testiadep_1816,Forest purchase areas purchase areas for proposed national forests,03d-01,2026-10-01
ui_testiadep_1817,"Original forest cover Iowa based on data secured in the original land survey made in Michigan, Wisconsin, and Iowa territories, 1832-1859",03d-01,2026-10-01
ui_testiadep_1818,"Township map, proposed national monument, Clayton-Allamakee Counties, Iowa",03d-01,2026-10-01
ui_testiadep_1819,"Jennings-Liebhardt Unit, land ownership map, proposed national monument Clayton Allamakee Counties, Iowa",03d-01,2026-10-01
ui_testiadep_1820,"Northeastern Iowa river basins including the Maquoketa, Turkey, & Upper Iowa Rivers",03d-01,2026-10-01
ui_testiadep_1821,Water supply situation Iowa,03d-01,2026-10-01
ui_testiadep_1822,"Regional topographic map, proposed national monument, Clayton-Allamakee Counties, Iowa",03d-01,2026-10-01
ui_testiadep_1823,Feed unit production feed units produced per acre of total land in farms by townships,03d-01,2026-10-01
ui_testiadep_1824,Sewage disposal situation Iowa,03d-01,2026-10-01
ui_testiadep_1825,"Jennings-Liebhardt Unit, preliminary development - min. area, proposed national monument Clayton Allamakee Counties, Iowa",03d-01,2026-10-01
ui_testiadep_1826,"SP-1, Palisades Kepler State Park",03d-01,2026-10-01
ui_testiadep_1827,Feed unit per farm production per farm by townships,03d-01,2026-10-01
ui_testiadep_1828,"SP-19, Mc Bride State Park",03d-01,2026-10-01
ui_testiadep_1829,"Highway accidents resulting in fatalities, 1936 state of Iowa",03d-01,2026-10-01
ui_testiadep_1830,Interstate truck lines concentration of through truck traffic on cross state highways,03d-01,2026-10-01
ui_testiadep_1831,"SP-18, Ahquabi State Park",03d-01,2026-10-01
ui_testiadep_1832,Intrastate truck lines concentration of truck lines near urban centers,03d-01,2026-10-01
ui_testiadep_1833,Railway system Iowa,03d-01,2026-10-01
ui_testiadep_1834,"Cedar Falls, Iowa",03d-01,2026-10-01
ui_testiadep_1835,Iowa-Cedar River basins showing location of basins with respect to state principal drainage lines within basins,03d-01,2026-10-01
ui_testiadep_1836,"SP-17, Backbone State Park",03d-01,2026-10-01
ui_testiadep_533,Report on radio activities of Iowa colleges and universities,03d-01,2026-10-01
ui_testiadep_622,"Employment in selected Iowa industries, 1923-1934",03d-01,2026-10-01
ui_testiadep_651,Forgotten house  a graphic bulletin of housing conditions among the lower income groups in Iowa,03d-01,2026-10-01
ui_testiadep_679,Planning a better community,03d-01,2026-10-01
ui_testiadep_696,Report and recommendations on highway safety,03d-01,2026-10-01
ui_testiadep_706,Soil conservation districts for Iowa?,03d-01,2026-10-01
ui_testiadep_744,Report of the upland game winter feeding program/ prepared for the Iowa Fish and Game Commission by the Biological Survey Unit of the Iowa State Planning Board.,03d-01,2026-10-01
ui_testiadep_783,Iowa community  its program with special reference to recreation and leisure-time activities,03d-01,2026-10-01
ui_testiadep_817,Report and recommendations of the Farm Tenancy Committee,03d-01,2026-10-01
ui_testiadep_872,Report on the tax survey,03d-01,2026-10-01
ui_testiadep_889,Restore the forest cover a graphic brochure,03d-01,2026-10-01
ui_testiadep_904,"Federal, state and local agencies concerned with housing in Iowa",03d-01,2026-10-01
ui_testiadep_927,Fact gathering and statistical work in Iowa,03d-01,2026-10-01
ui_testiadep_963,Report and recommendations on secondary roads,03d-01,2026-10-01
ui_testiadep_977,Agricultural limestone deposits in the Chariton basin counties in Iowa partial survey and recommendations,03d-01,2026-10-01
ui_testiadep_992,Compilation of traffic regulations in thirteen Iowa cities,03d-01,2026-10-01
ui_ucm_10,"University of Iowa campus map, 1914-1915",03d-01,2026-10-01
ui_ucm_100,"University of Iowa campus map, 1912-1913",03d-01,2026-10-01
ui_ucm_103,"University of Iowa campus map, 1941-1942",03d-01,2026-10-01
ui_ucm_106,"University of Iowa campus map, 1923-1924",03d-01,2026-10-01
ui_ucm_109,"University of Iowa campus map, 1909-1910",03d-01,2026-10-01
ui_ucm_113,"University of Iowa campus map, 1937-1938",03d-01,2026-10-01
ui_ucm_116,"University of Iowa campus map, 1948-1949",03d-01,2026-10-01
ui_ucm_119,"University of Iowa campus map, 1986-1988",03d-01,2026-10-01
ui_ucm_125,"University of Iowa campus map, 1930-1931",03d-01,2026-10-01
ui_ucm_129,"University of Iowa campus map, 1935-1936",03d-01,2026-10-01
ui_ucm_13,"University of Iowa campus map, 1972-1974",03d-01,2026-10-01
ui_ucm_132,"University of Iowa campus map, 1953",03d-01,2026-10-01
ui_ucm_135,"University of Iowa campus map, 2000-2002",03d-01,2026-10-01
ui_ucm_138,"University of Iowa campus map, 1926-1927",03d-01,2026-10-01
ui_ucm_141,"University of Iowa campus map, 1916-1917",03d-01,2026-10-01
ui_ucm_144,"University of Iowa campus map, 1924-1925",03d-01,2026-10-01
ui_ucm_147,"University of Iowa campus map, 1911-1912",03d-01,2026-10-01
ui_ucm_150,"University of Iowa campus map, 1969",03d-01,2026-10-01
ui_ucm_153,"University of Iowa campus map, 1974-1976",03d-01,2026-10-01
ui_ucm_156,"University of Iowa campus map, 1988-1990",03d-01,2026-10-01
ui_ucm_160,"University of Iowa campus map, 1920-1921",03d-01,2026-10-01
ui_ucm_163,"University of Iowa campus map, 1978-1980",03d-01,2026-10-01
ui_ucm_166,"University of Iowa campus map, 1929-1930",03d-01,2026-10-01
ui_ucm_169,"University of Iowa campus map, 1994-1996",03d-01,2026-10-01
ui_ucm_17,"University of Iowa campus map, 1936-1937",03d-01,2026-10-01
ui_ucm_172,"University of Iowa campus map, 1947-1948",03d-01,2026-10-01
ui_ucm_175,"University of Iowa campus map, 1984-1986",03d-01,2026-10-01
ui_ucm_178,"University of Iowa campus map, 1946-1947",03d-01,2026-10-01
ui_ucm_183,"University of Iowa campus map, 1904-1905",03d-01,2026-10-01
ui_ucm_184,"University of Iowa campus map, 1905-1906",03d-01,2026-10-01
ui_ucm_185,"University of Iowa campus map, 1906-1907",03d-01,2026-10-01
ui_ucm_186,"University of Iowa campus map, 1907-1908",03d-01,2026-10-01
ui_ucm_187,"University of Iowa campus map, 1908-1909",03d-01,2026-10-01
ui_ucm_188,"University of Iowa campus map, 1917-1918",03d-01,2026-10-01
ui_ucm_189,"University of Iowa campus map, 1940-1941",03d-01,2026-10-01
ui_ucm_190,"University of Iowa campus map, 1942-1943",03d-01,2026-10-01
ui_ucm_191,"University of Iowa campus map, 1943-1944",03d-01,2026-10-01
ui_ucm_192,"University of Iowa campus map, 1944-1945",03d-01,2026-10-01
ui_ucm_193,"University of Iowa campus map, 1945-1946",03d-01,2026-10-01
ui_ucm_194,"University of Iowa campus map, 1949",03d-01,2026-10-01
ui_ucm_195,"University of Iowa campus map, 1954",03d-01,2026-10-01
ui_ucm_196,"University of Iowa campus map, 1955",03d-01,2026-10-01
ui_ucm_197,"University of Iowa campus map, 1956",03d-01,2026-10-01
ui_ucm_198,"University of Iowa campus map, 1957",03d-01,2026-10-01
ui_ucm_199,"University of Iowa campus map, 1958",03d-01,2026-10-01
ui_ucm_200,"University of Iowa campus map, 1959",03d-01,2026-10-01
ui_ucm_201,"University of Iowa campus map, 1960",03d-01,2026-10-01
ui_ucm_202,"University of Iowa campus map, 1961",03d-01,2026-10-01
ui_ucm_203,"University of Iowa campus map, 1962",03d-01,2026-10-01
ui_ucm_204,"University of Iowa campus map, 1964",03d-01,2026-10-01
ui_ucm_205,"University of Iowa campus map, 1965",03d-01,2026-10-01
ui_ucm_206,"University of Iowa campus map, 1966",03d-01,2026-10-01
ui_ucm_207,"University of Iowa campus map, 1967",03d-01,2026-10-01
ui_ucm_208,"University of Iowa campus map, 1968",03d-01,2026-10-01
ui_ucm_210,"University of Iowa campus map, 1963",03d-01,2026-10-01
ui_ucm_211,"Pacing survey, University of Iowa campus, 1893",03d-01,2026-10-01
ui_ucm_212,"University of Iowa campus map, 1912",03d-01,2026-10-01
ui_ucm_213,"Campus plan of the University of Iowa, 1930",03d-01,2026-10-01
ui_ucm_217,"University of Iowa campus map, 1976",03d-01,2026-10-01
ui_ucm_220,"University of Iowa campus map, 1925-1926",03d-01,2026-10-01
ui_ucm_228,"University of Iowa campus map, 1934-1935",03d-01,2026-10-01
ui_ucm_234,"University of Iowa campus map, 1978",03d-01,2026-10-01
ui_ucm_237,"University of Iowa campus map, 1955",03d-01,2026-10-01
ui_ucm_240,"University of Iowa campus map, 1957",03d-01,2026-10-01
ui_ucm_241,"University of Iowa campus map, 1892",03d-01,2026-10-01
ui_ucm_242,"University of Iowa campus map, 1899",03d-01,2026-10-01
ui_ucm_243,"University of Iowa campus map, circa 1943",03d-01,2026-10-01
ui_ucm_244,"University of Iowa campus map, 1945",03d-01,2026-10-01
ui_ucm_245,"University of Iowa campus map, circa 1981",03d-01,2026-10-01
ui_ucm_246,"University of Iowa campus map, 1865-1894",03d-01,2026-10-01
ui_ucm_249,"University of Iowa campus map, 1946",03d-01,2026-10-01
ui_ucm_252,"University of Iowa campus map, 1921-1922",03d-01,2026-10-01
ui_ucm_255,"University of Iowa campus map, 1927-1928",03d-01,2026-10-01
ui_ucm_258,"University of Iowa campus map, 1939-1940",03d-01,2026-10-01
ui_ucm_261,"University of Iowa campus map, 1950",03d-01,2026-10-01
ui_ucm_264,"University of Iowa campus map, 1953",03d-01,2026-10-01
ui_ucm_265,"University of Iowa campus map, 1954",03d-01,2026-10-01
ui_ucm_29,"University of Iowa campus map, 1998-2000",03d-01,2026-10-01
ui_ucm_29789,"Campus map, The University of Iowa, between 1950 and 1955",03d-01,2026-10-01
ui_ucm_35,"University of Iowa campus map, 1918-1919",03d-01,2026-10-01
ui_ucm_39,"University of Iowa campus map, 1952",03d-01,2026-10-01
ui_ucm_43,"University of Iowa campus map, 1938-1939",03d-01,2026-10-01
ui_ucm_46,"University of Iowa campus map, 1990-1992",03d-01,2026-10-01
ui_ucm_49,"University of Iowa campus map, 1933-1934",03d-01,2026-10-01
ui_ucm_52,"University of Iowa campus map, 1913-1914",03d-01,2026-10-01
ui_ucm_55,"University of Iowa campus map, 1915-1916",03d-01,2026-10-01
ui_ucm_58,"University of Iowa campus map, 1932-1933",03d-01,2026-10-01
ui_ucm_61,"University of Iowa campus map, 1976-1978",03d-01,2026-10-01
ui_ucm_64,"University of Iowa campus map, 1980-1982",03d-01,2026-10-01
ui_ucm_67,"University of Iowa campus map, 1996-1998",03d-01,2026-10-01
ui_ucm_70,"University of Iowa campus map, 1951",03d-01,2026-10-01
ui_ucm_73,"University of Iowa campus map, 1922-1923",03d-01,2026-10-01
ui_ucm_76,"University of Iowa campus map, 1910-1911",03d-01,2026-10-01
ui_ucm_79,"University of Iowa campus map, 1928-1929",03d-01,2026-10-01
ui_ucm_82,"University of Iowa campus map, 2002-2004",03d-01,2026-10-01
ui_ucm_85,"University of Iowa campus map, 1982-1984",03d-01,2026-10-01
ui_ucm_88,"University of Iowa campus map, 1992-1994",03d-01,2026-10-01
ui_ucm_91,"University of Iowa campus map, 1919-1920",03d-01,2026-10-01
ui_ucm_94,"University of Iowa campus map, 1970-1972",03d-01,2026-10-01
ui_ucm_97,"University of Iowa campus map, 1931-1932",03d-01,2026-10-01
